"Author","Year","Title","Journal","Doi","URL","Human","No.access","Lat_Deg","Lon_Deg","Location","Habitat","Target_Habitat","Experiment","Sample_Diameter_mm","Sample_Area_mm2","Sample_Depth_mm","Sample_Volume_mm3","Sample_Weight_g","Number_Sites","Samples_Per_Site","Total_Number_Samples","Method","Method_Volume_mm3","Method_Volume_Fraction","Method_Weight_g","Total_Seeds","Total_Species","Seed_density_m2","Seed_density_litre","Pos_Species","Neg_Species","Comments","Action.required","X","X.1","X.2","X.3","X.4","X.5","X.6","X.7","X.8","X.9","X.10","X.11","X.12","X.13"
"Sanou, L; Savadogo, P; Zida, D; Thiombiano, A",2019,"Contrasting land use systems influence soil seed bank composition and density in a rural landscape mosaic in West Africa","FLORA","10.1016/j.flora.2018.11.013","http://doi.org/10.1016/j.flora.2018.11.013","JP","",12.2166666666667,2.7,"Burkina Faso","Forest","",NA,NA,22500,200,NA,NA,9,20,180,"Greenhouse",NA,NA,NA,NA,61,52410,NA,NA,NA,"","",NA,NA,NA,NA,NA,NA,NA,NA,NA,NA,NA,NA,NA,NA
"Sanou, L; Savadogo, P; Zida, D; Thiombiano, A",2019,"Contrasting land use systems influence soil seed bank composition and density in a rural landscape mosaic in West Africa","FLORA","10.1016/j.flora.2018.11.013","http://doi.org/10.1016/j.flora.2018.11.013","JP","",12.2166666666667,2.7,"Burkina Faso","Arable","Forest",NA,NA,22500,200,NA,NA,9,20,180,"Greenhouse",NA,NA,NA,NA,49,105650,NA,NA,NA,"","",NA,NA,NA,NA,NA,NA,NA,NA,NA,NA,NA,NA,NA,NA
"Sanou, L; Savadogo, P; Zida, D; Thiombiano, A",2019,"Contrasting land use systems influence soil seed bank composition and density in a rural landscape mosaic in West Africa","FLORA","10.1016/j.flora.2018.11.013","http://doi.org/10.1016/j.flora.2018.11.013","JP","",12.2166666666667,2.7,"Burkina Faso","Arable","",NA,NA,22500,200,NA,NA,9,20,180,"Greenhouse",NA,NA,NA,NA,38,59690,NA,NA,NA,"","",NA,NA,NA,NA,NA,NA,NA,NA,NA,NA,NA,NA,NA,NA
"Sanou, L; Savadogo, P; Zida, D; Thiombiano, A",2019,"Contrasting land use systems influence soil seed bank composition and density in a rural landscape mosaic in West Africa","FLORA","10.1016/j.flora.2018.11.013","http://doi.org/10.1016/j.flora.2018.11.013","JP","",12.2166666666667,2.7,"Burkina Faso","Wetland","",NA,NA,22500,200,NA,NA,9,20,180,"Greenhouse",NA,NA,NA,NA,23,57040,NA,NA,NA,"","",NA,NA,NA,NA,NA,NA,NA,NA,NA,NA,NA,NA,NA,NA
"Bao, F; Elsey-Quirk, T; de Assis, MA; Pott, A",2018,"Seed bank of seasonally flooded grassland: experimental simulation of flood and post-flood","AQUATIC ECOLOGY","10.1007/s10452-017-9647-y","http://doi.org/10.1007/s10452-017-9647-y","NSH","",-19.4833333333333,-57.0166666666667,"Central.west Brazil, Pantanal of Mato Grosso do Sul","Arable","Grassland",NA,NA,40000,30,1200000,NA,1,360,360,"Greenhouse",NA,NA,NA,23134,66,NA,NA,NA,NA,"wet season","",NA,NA,NA,NA,NA,NA,NA,NA,NA,NA,NA,NA,NA,NA
"Bao, F; Elsey-Quirk, T; de Assis, MA; Pott, A",2018,"Seed bank of seasonally flooded grassland: experimental simulation of flood and post-flood","AQUATIC ECOLOGY","10.1007/s10452-017-9647-y","http://doi.org/10.1007/s10452-017-9647-y","NSH","",-19.4833333333333,-57.0166666666667,"Central.west Brazil, Pantanal of Mato Grosso do Sul","Arable","Grassland",NA,NA,40000,30,1200000,NA,1,360,360,"Greenhouse",NA,NA,NA,13514,51,NA,NA,NA,NA,"dry season","",NA,NA,NA,NA,NA,NA,NA,NA,NA,NA,NA,NA,NA,NA
"Bittnerova, S; Ujhazy, K; Hegedusova, K; Skodova, I; Ujhazyova, M; Janisova, M",2018,"Soil seed bank and above-ground vegetation changes during grassland succession: Is space-for-time substitution an alternative to re-sampling?","TUEXENIA","10.14471/2018.38.021","http://doi.org/10.14471/2018.38.021","NSH","",48.6333333333333,19.4166666666667,"","Arable","Forest",NA,NA,NA,40,1e+05,NA,1,84,84,"Greenhouse",NA,NA,NA,759,15,3614,NA,NA,NA,"Study has temporal component (measurements over 11 years). Most recent year recorded here (2015)","",NA,NA,NA,NA,NA,NA,NA,NA,NA,NA,NA,NA,NA,NA
"Galloway, AD; Holmes, PM; Gaertner, M; Esler, KJ",2017,"The impact of pine plantations on fynbos above-ground vegetation and soil seed bank composition","SOUTH AFRICAN JOURNAL OF BOTANY","10.1016/j.sajb.2017.09.009","http://doi.org/10.1016/j.sajb.2017.09.009","NSH","",-34.05,18.8666666666667,"","Arable","Grassland",NA,50,NA,100,NA,NA,3,108,324,"Greenhouse",NA,NA,NA,NA,78,NA,NA,47,31,"Habitat was Fynbos, which really is not grassland or forest, but rather shrubland. Three treatments, control, 30 year old pine and 50 year old pine, combined data presented. Seed density only given in figure. ","Contact author",NA,NA,NA,NA,NA,NA,NA,NA,NA,NA,NA,NA,NA,NA
"Wang, GD; Wang, M; Lu, XG; Jiang, M",2017,"Duration of farming is an indicator of natural restoration potential of sedge meadows","SCIENTIFIC REPORTS","10.1038/s41598-017-11429-0","http://doi.org/10.1038/s41598-017-11429-0","JP","",47.8333333333333,133.733333333333,"Sanjiang plain wetlands, northeastern China","Wetland","",NA,NA,62500,100,NA,NA,23,5,115,"Greenhouse",NA,NA,NA,NA,97,NA,NA,NA,NA,"","",NA,NA,NA,NA,NA,NA,NA,NA,NA,NA,NA,NA,NA,NA
"Wang, GD; Wang, M; Lu, XG; Jiang, M",2017,"Duration of farming is an indicator of natural restoration potential of sedge meadows","SCIENTIFIC REPORTS","10.1038/s41598-017-11429-0","http://doi.org/10.1038/s41598-017-11429-0","JP","",47.8333333333333,133.733333333333,"Sanjiang plain wetlands, northeastern China","Arable","Wetland",NA,NA,62500,100,NA,NA,23,5,115,"Greenhouse",NA,NA,NA,NA,79,NA,NA,NA,NA,"","",NA,NA,NA,NA,NA,NA,NA,NA,NA,NA,NA,NA,NA,NA
"Yu, WJ; Jiao, JY; Chen, Y; Wang, DL; Wang, N; Zhao, HK",2017,"Seed Removal due to Overland Flow on Abandoned Slopes in the Chinese Hilly Gullied Loess Plateau Region","LAND DEGRADATION & DEVELOPMENT","10.1002/ldr.2519","http://doi.org/10.1002/ldr.2519","NSH","",36.7666666666667,109.25,"China","Arable","Grassland",NA,48,NA,100,NA,NA,3,180,540,"Greenhouse",NA,NA,NA,NA,21,5942.7,NA,NA,NA,"Three microsites (under plants, bare soil and in pits). Presented results are combined.","",NA,NA,NA,NA,NA,NA,NA,NA,NA,NA,NA,NA,NA,NA
"Neto, AM; Martins, SV; Silva, KD; Lopes, AT; Demolinari, RD",2017,"Seed Bank in Restored Bauxite Mine in Southeast Brazil","FLORESTA E AMBIENTE","10.1590/2179-8087.125414","http://doi.org/10.1590/2179-8087.125414","NSH","",-21.4166666666667,-42.9333333333333,"Brazil","Arable","Forest",NA,NA,75000,50,NA,NA,1,40,40,"Greenhouse",NA,NA,NA,2489,69,830,NA,NA,NA,"Restored bauxite mine","",NA,NA,NA,NA,NA,NA,NA,NA,NA,NA,NA,NA,NA,NA
"Altenfelder, S; Schmitz, M; Poschlod, P; Kollmann, J; Albrecht, H",2016,"Managing plant species diversity under fluctuating wetland conditions: the case of temporarily flooded depressions","WETLANDS ECOLOGY AND MANAGEMENT","10.1007/s11273-016-9490-2","http://doi.org/10.1007/s11273-016-9490-2","AS","",53.0833333333333,13.9833333333333,"Parstein, northeast Germany","Arable","Wetland",NA,33,NA,200,NA,NA,1,420,420,"Greenhouse",NA,NA,NA,19966,65,72854,NA,9,NA,"Temporarily flooded depression in arable fields, cultivated during years when dry enough. Marked target-habitat as wetland as that would be their natural state; red-listed species","",NA,NA,NA,NA,NA,NA,NA,NA,NA,NA,NA,NA,NA,NA
"Wang, M; Wang, GD; Lu, XG; Jiang, M; Wang, SZ",2016,"Soil seed banks and their implications for wetland restoration along the Nongjiang River, Northeastern China","ECOLOGICAL ENGINEERING","10.1016/j.ecoleng.2016.05.075","http://doi.org/10.1016/j.ecoleng.2016.05.075","ED","",46,132,"Nongjiang River, Sanjiang Plain, northeastern China.","Wetland","",NA,NA,62500,100,NA,NA,4,10,40,"Greenhouse",NA,NA,NA,NA,56,NA,NA,NA,NA,"","",NA,NA,NA,NA,NA,NA,NA,NA,NA,NA,NA,NA,NA,NA
"Wang, M; Wang, GD; Lu, XG; Jiang, M; Wang, SZ",2016,"Soil seed banks and their implications for wetland restoration along the Nongjiang River, Northeastern China","ECOLOGICAL ENGINEERING","10.1016/j.ecoleng.2016.05.075","http://doi.org/10.1016/j.ecoleng.2016.05.075","ED","",46,132,"Nongjiang River, Sanjiang Plain, northeastern China.","Arable","Arable",NA,NA,62500,100,NA,NA,4,10,40,"Greenhouse",NA,NA,NA,NA,42,NA,NA,NA,NA,"","",NA,NA,NA,NA,NA,NA,NA,NA,NA,NA,NA,NA,NA,NA
"Yu, WJ; Jiao, JY; Wang, DL; Wang, N; Wang, ZJ; Zhao, HK",2016,"Seed population dynamics on abandoned slopes in the hill and gully Loess Plateau region of China","ECOLOGICAL ENGINEERING","10.1016/j.ecoleng.2016.06.030","http://doi.org/10.1016/j.ecoleng.2016.06.030","ML","",36.45,107.5,"","Arable","Forest",NA,48,NA,100,NA,NA,3,60,NA,"Greenhouse",NA,NA,NA,NA,27,6997,NA,NA,NA,"","",NA,NA,NA,NA,NA,NA,NA,NA,NA,NA,NA,NA,NA,NA
"Lacerda, F; Miranda, I; Lima, TTS; Mafra, NA; Leao, FM; Do Vale, I; Bispo, CJC; Kato, OR",2016,"Origin of and resulting floristic composition from seedbanks in agroforestry systems of Tome-Acu, Eastern Amazon","WEED RESEARCH","10.1111/wre.12201","http://doi.org/10.1111/wre.12201","NSH","",-2.4,-48.2333333333333,"Brazil","Arable","Forest",1,NA,62500,50,NA,NA,1,35,35,"Greenhouse",NA,NA,NA,NA,72,1222.4,NA,NA,NA,"Control of agricultural study with experimental treatments","",NA,NA,NA,NA,NA,NA,NA,NA,NA,NA,NA,NA,NA,NA
"Lacerda, F; Miranda, I; Lima, TTS; Mafra, NA; Leao, FM; Do Vale, I; Bispo, CJC; Kato, OR",2016,"Origin of and resulting floristic composition from seedbanks in agroforestry systems of Tome-Acu, Eastern Amazon","WEED RESEARCH","10.1111/wre.12201","http://doi.org/10.1111/wre.12201","NSH","",-2.33333333333333,-48.25,"Brazil","Arable","Forest",1,NA,62500,50,NA,NA,1,35,35,"Greenhouse",NA,NA,NA,NA,67,1150.2,NA,NA,NA,"Control of agricultural study with experimental treatments","",NA,NA,NA,NA,NA,NA,NA,NA,NA,NA,NA,NA,NA,NA
"Lacerda, F; Miranda, I; Lima, TTS; Mafra, NA; Leao, FM; Do Vale, I; Bispo, CJC; Kato, OR",2016,"Origin of and resulting floristic composition from seedbanks in agroforestry systems of Tome-Acu, Eastern Amazon","WEED RESEARCH","10.1111/wre.12201","http://doi.org/10.1111/wre.12201","NSH","",-2.63333333333333,-48.3333333333333,"Brazil","Arable","Forest",1,NA,62500,50,NA,NA,1,35,35,"Greenhouse",NA,NA,NA,NA,62,769.8,NA,NA,NA,"Control of agricultural study with experimental treatments","",NA,NA,NA,NA,NA,NA,NA,NA,NA,NA,NA,NA,NA,NA
"Williams-Linera, G; Bonilla-Moheno, M; Lopez-Barrera, F",2016,"Tropical cloud forest recovery: the role of seed banks in pastures dominated by an exotic grass","NEW FORESTS","10.1007/s11056-016-9526-8","http://doi.org/10.1007/s11056-016-9526-8","NSH","",19.5,-96.9333333333333,"Veracruz, Mexico","Arable","Forest",1,NA,90000,50,NA,NA,1,8,8,"Greenhouse",NA,NA,NA,NA,76,12189,NA,NA,NA,"Study as a whole had three sites. This was the pasture site, where grass was removed.","",NA,NA,NA,NA,NA,NA,NA,NA,NA,NA,NA,NA,NA,NA
"Williams-Linera, G; Bonilla-Moheno, M; Lopez-Barrera, F",2016,"Tropical cloud forest recovery: the role of seed banks in pastures dominated by an exotic grass","NEW FORESTS","10.1007/s11056-016-9526-8","http://doi.org/10.1007/s11056-016-9526-8","NSH","",19.5,-96.9333333333333,"Veracruz, Mexico","Forest","Forest",1,NA,90000,50,NA,NA,1,8,8,"Greenhouse",NA,NA,NA,NA,75,2825,NA,NA,NA,"This was the secondary forest site.","",NA,NA,NA,NA,NA,NA,NA,NA,NA,NA,NA,NA,NA,NA
"Williams-Linera, G; Bonilla-Moheno, M; Lopez-Barrera, F",2016,"Tropical cloud forest recovery: the role of seed banks in pastures dominated by an exotic grass","NEW FORESTS","10.1007/s11056-016-9526-8","http://doi.org/10.1007/s11056-016-9526-8","NSH","",19.5,-96.9333333333333,"Veracruz, Mexico","Forest","Forest",1,NA,90000,50,NA,NA,1,7,7,"Greenhouse",NA,NA,NA,NA,78,3552,NA,NA,NA,"This was the old forest site.","",NA,NA,NA,NA,NA,NA,NA,NA,NA,NA,NA,NA,NA,NA
"Vieira, MD; Bonilha, CL; Boldrini, II; Overbeck, GE",2015,"The seed bank of subtropical grasslands with contrasting land-use history in southern Brazil","ACTA BOTANICA BRASILICA","10.1590/0102-33062015abb0026","http://doi.org/10.1590/0102-33062015abb0026","NSH","",-31.3,-51.9666666666667,"southern Brazil","Arable","Grassland",NA,50,NA,100,NA,NA,4,80,320,"Greenhouse",NA,0.5,NA,13941,114,44375,NA,NA,16,"Exotics","",NA,NA,NA,NA,NA,NA,NA,NA,NA,NA,NA,NA,NA,NA
"Bart, D; Davenport, T",2015,"The influence of legacy impacted seed banks on vegetation recovery in a post-agricultural fen complex","WETLANDS ECOLOGY AND MANAGEMENT","10.1007/s11273-014-9391-1","http://doi.org/10.1007/s11273-014-9391-1","NSH","",43.1848833333333,-89.1224666666667,"Wisconsin, USA","Arable","Wetland",NA,NA,NA,100,NA,NA,1,50,50,"Greenhouse",729000,NA,NA,114,49,NA,NA,NA,NA,"Control (never under agriculture) used of a study that looked at post-agriculture seedbanks.","",NA,NA,NA,NA,NA,NA,NA,NA,NA,NA,NA,NA,NA,NA
"Randriamalala, JR; Herve, D; Letourmy, P; Carriere, SM",2015,"Effects of slash-and-burn practices on soil seed banks in secondary forest successions in Madagascar","AGRICULTURE ECOSYSTEMS & ENVIRONMENT","10.1016/j.agee.2014.09.010","http://doi.org/10.1016/j.agee.2014.09.010","NSH","",-21.3666666666667,47.3,"Madagascar","Arable","Forest",1,80,NA,50,NA,NA,15,10,150,"Greenhouse",NA,NA,NA,NA,55,427.6,NA,NA,NA,"Seed bank density is the average of all 15 sites, which varied greatly (between 40 and 1692 seeds per m2).","",NA,NA,NA,NA,NA,NA,NA,NA,NA,NA,NA,NA,NA,NA
"Bai, JH; Huang, LB; Gao, ZQ; Lu, QQ; Wang, JJ; Zhao, QQ",2014,"Soil seed banks and their germination responses to cadmium and salinity stresses in coastal wetlands affected by reclamation and urbanization based on indoor and outdoor experiments","JOURNAL OF HAZARDOUS MATERIALS","10.1016/j.jhazmat.2014.07.070","http://doi.org/10.1016/j.jhazmat.2014.07.070","NSH","",22.6666666666667,113.666666666667,"China, Pearl River Delta","Arable","Wetland",NA,NA,10000,100,NA,NA,46,3.5,NA,"Greenhouse",NA,NA,NA,NA,27,1456,NA,NA,NA,"Vague description of number of samples per site (3 or 4) and vague description of fraction used (some of the soil used).","",NA,NA,NA,NA,NA,NA,NA,NA,NA,NA,NA,NA,NA,NA
"Yamada, S; Kitagawa, Y; Okubo, S",2013,"A comparative study of the seed banks of abandoned paddy fields along a chronosequence in Japan","AGRICULTURE ECOSYSTEMS & ENVIRONMENT","10.1016/j.agee.2013.05.021","http://doi.org/10.1016/j.agee.2013.05.021","JP","",35.5833333333333,139.416666666667,"Tama Hills, Kanto Plain, Central Japan","Arable","Arable",NA,NA,22500,150,NA,NA,29,5,145,"Greenhouse",NA,NA,NA,35138,99,2840,NA,21,NA,"Restoration of paddy rice specialist weed communities; Specialists","",NA,NA,NA,NA,NA,NA,NA,NA,NA,NA,NA,NA,NA,NA
"Mola, I; Jimenez, MD; Lopez-Jimenez, N; Casado, MA; Balaguer, L",2011,"Roadside Reclamation Outside the Revegetation Season: Management Options under Schedule Pressure","RESTORATION ECOLOGY","10.1111/j.1526-100X.2009.00547.x","http://doi.org/10.1111/j.1526-100X.2009.00547.x","AA","",40.4833333333333,-3.56666666666667,"near Barajas International Airport, central Spain","Arable","Grassland",1,NA,62500,50,NA,NA,15,6,NA,"Greenhouse",NA,NA,NA,NA,NA,9.915,NA,NA,NA,"Brand new road verges, Arable Grassland chosen as transition from highly disturbed to grassy verge","",NA,NA,NA,NA,NA,NA,NA,NA,NA,NA,NA,NA,NA,NA
"Kwiatkowska-Falinska, AJ; Jankowska-Blaszczuk, M; Wodkiewicz, M",2011,"The pattern of seed banks during secondary succession on poor soils","ACTA SOCIETATIS BOTANICORUM POLONIAE","10.5586/asbp.2011.040","http://doi.org/10.5586/asbp.2011.040","AA","",52.5833333333333,23.3666666666667,"Jelonka, Poland","Arable","Forest",NA,NA,10000,145,NA,NA,1,60,NA,"Extraction",NA,NA,NA,NA,21,27673.3,NA,NA,NA,"From another study: https://rcin.org.pl/Content/70714/WA058_87317_P2840-T34_Eko-Pol-A-Nr-1.pdf (not in list)","",NA,NA,NA,NA,NA,NA,NA,NA,NA,NA,NA,NA,NA,NA
"Kwiatkowska-Falinska, AJ; Jankowska-Blaszczuk, M; Wodkiewicz, M",2011,"The pattern of seed banks during secondary succession on poor soils","ACTA SOCIETATIS BOTANICORUM POLONIAE","10.5586/asbp.2011.040","http://doi.org/10.5586/asbp.2011.040","AA","",52.5833333333333,23.3666666666667,"Jelonka, Poland","Forest","Forest",NA,NA,10000,145,NA,NA,1,60,NA,"Extraction",NA,NA,NA,NA,23,22977.5,NA,NA,NA,"From another study: Symonides E. Seed bank in old-field successional ecosystems. Ecol Pol. 1986;33:61-80 (not in list)","",NA,NA,NA,NA,NA,NA,NA,NA,NA,NA,NA,NA,NA,NA
"Kwiatkowska-Falinska, AJ; Jankowska-Blaszczuk, M; Wodkiewicz, M",2011,"The pattern of seed banks during secondary succession on poor soils","ACTA SOCIETATIS BOTANICORUM POLONIAE","10.5586/asbp.2011.040","http://doi.org/10.5586/asbp.2011.040","AA","",52.5833333333333,23.3666666666667,"Jelonka, Poland","Forest","Forest",NA,NA,10000,145,NA,NA,1,60,NA,"Extraction",NA,NA,NA,NA,23,14390,NA,NA,NA,"From another study: Symonides E. Seed bank in old-field successional ecosystems. Ecol Pol. 1986;33:61-80 (not in list)","",NA,NA,NA,NA,NA,NA,NA,NA,NA,NA,NA,NA,NA,NA
"Kwiatkowska-Falinska, AJ; Jankowska-Blaszczuk, M; Wodkiewicz, M",2011,"The pattern of seed banks during secondary succession on poor soils","ACTA SOCIETATIS BOTANICORUM POLONIAE","10.5586/asbp.2011.040","http://doi.org/10.5586/asbp.2011.040","AA","",52.5833333333333,23.3666666666667,"Jelonka, Poland","Forest","Forest",NA,NA,10000,145,NA,NA,1,60,NA,"Extraction",NA,NA,NA,NA,22,5700.8,NA,NA,NA,"From another study: Symonides E. Seed bank in old-field successional ecosystems. Ecol Pol. 1986;33:61-80 (not in list)","",NA,NA,NA,NA,NA,NA,NA,NA,NA,NA,NA,NA,NA,NA
"Kwiatkowska-Falinska, AJ; Jankowska-Blaszczuk, M; Wodkiewicz, M",2011,"The pattern of seed banks during secondary succession on poor soils","ACTA SOCIETATIS BOTANICORUM POLONIAE","10.5586/asbp.2011.040","http://doi.org/10.5586/asbp.2011.040","AA","",52.5833333333333,23.3666666666667,"Jelonka, Poland","Forest","Forest",NA,NA,2000,100,NA,NA,1,1000,NA,"Greenhouse",NA,NA,NA,NA,5,3500,NA,NA,NA,"","",NA,NA,NA,NA,NA,NA,NA,NA,NA,NA,NA,NA,NA,NA
"Kwiatkowska-Falinska, AJ; Jankowska-Blaszczuk, M; Wodkiewicz, M",2011,"The pattern of seed banks during secondary succession on poor soils","ACTA SOCIETATIS BOTANICORUM POLONIAE","10.5586/asbp.2011.040","http://doi.org/10.5586/asbp.2011.040","AA","",52.5833333333333,23.3666666666667,"Jelonka, Poland","Forest","Forest",NA,NA,2000,100,NA,NA,1,1000,NA,"Greenhouse",NA,NA,NA,NA,11,3000,NA,NA,NA,"","",NA,NA,NA,NA,NA,NA,NA,NA,NA,NA,NA,NA,NA,NA
"Kwiatkowska-Falinska, AJ; Jankowska-Blaszczuk, M; Wodkiewicz, M",2011,"The pattern of seed banks during secondary succession on poor soils","ACTA SOCIETATIS BOTANICORUM POLONIAE","10.5586/asbp.2011.040","http://doi.org/10.5586/asbp.2011.040","AA","",52.5833333333333,23.3666666666667,"Jelonka, Poland","Forest","",NA,NA,2000,100,NA,NA,1,1000,NA,"Greenhouse",NA,NA,NA,NA,9,1500,NA,NA,NA,"","",NA,NA,NA,NA,NA,NA,NA,NA,NA,NA,NA,NA,NA,NA
"Awanyo, L; Attuah, EM; McCarron, M",2011,"Rehabilitation of forest-savannas in Ghana The impacts of land use, shade, and invasive species on tree recruitment","APPLIED GEOGRAPHY","10.1016/j.apgeog.2010.04.002","http://doi.org/10.1016/j.apgeog.2010.04.002","JP","",6,-0.416666666666667,"Eastern Ghana","Arable","Forest",NA,NA,NA,200,304000,NA,3,2700,8100,"Greenhouse",NA,NA,NA,1424,49,NA,NA,NA,NA,"","",NA,NA,NA,NA,NA,NA,NA,NA,NA,NA,NA,NA,NA,NA
"Boyes, LJ; Gunton, RM; Griffiths, ME; Lawes, MJ",2011,"Causes of arrested succession in coastal dune forest","PLANT ECOLOGY","10.1007/s11258-010-9798-6","http://doi.org/10.1007/s11258-010-9798-6","MP","",-28.2666666666667,32.4833333333333,"Cape Vidal,  iSimangaliso Wetland Park, South Africa","Forest","",NA,NA,40000,50,NA,NA,1,30,NA,"Greenhouse",NA,NA,NA,44,10,NA,NA,NA,NA,"","",NA,NA,NA,NA,NA,NA,NA,NA,NA,NA,NA,NA,NA,NA
"Boyes, LJ; Gunton, RM; Griffiths, ME; Lawes, MJ",2011,"Causes of arrested succession in coastal dune forest","PLANT ECOLOGY","10.1007/s11258-010-9798-6","http://doi.org/10.1007/s11258-010-9798-6","MP","",-28.2666666666667,32.4833333333333,"Cape Vidal,  iSimangaliso Wetland Park, South Africa","Forest","",NA,NA,40000,50,NA,NA,1,30,NA,"Greenhouse",NA,NA,NA,526,6,211,NA,NA,NA,"","",NA,NA,NA,NA,NA,NA,NA,NA,NA,NA,NA,NA,NA,NA
"Boyes, LJ; Gunton, RM; Griffiths, ME; Lawes, MJ",2011,"Causes of arrested succession in coastal dune forest","PLANT ECOLOGY","10.1007/s11258-010-9798-6","http://doi.org/10.1007/s11258-010-9798-6","MP","",-28.6666666666667,32.2333333333333,"Richards Bay South Africa","Arable","Forest",NA,NA,40000,50,NA,NA,1,15,NA,"Greenhouse",NA,NA,NA,10,2,2.6,NA,NA,NA,"","",NA,NA,NA,NA,NA,NA,NA,NA,NA,NA,NA,NA,NA,NA
"Boyes, LJ; Gunton, RM; Griffiths, ME; Lawes, MJ",2011,"Causes of arrested succession in coastal dune forest","PLANT ECOLOGY","10.1007/s11258-010-9798-6","http://doi.org/10.1007/s11258-010-9798-6","MP","",-28.6666666666667,32.2333333333333,"Richards Bay South Africa","Forest","Forest",NA,NA,40000,50,NA,NA,1,15,NA,"Greenhouse",NA,NA,NA,193,5,NA,NA,NA,NA,"","",NA,NA,NA,NA,NA,NA,NA,NA,NA,NA,NA,NA,NA,NA
"Lemenih, M; Teketay, D",2005,"Effect of prior land use on the recolonization of native woody species under plantation forests in the highlands of Ethiopia","FOREST ECOLOGY AND MANAGEMENT","10.1016/j.foreco.2005.07.010","http://doi.org/10.1016/j.foreco.2005.07.010","ED","",7.33333333333333,38.75,"Lepis, Gambo district, Ethiopia","Arable","",NA,NA,22500,90,NA,NA,1,15,NA,"Greenhouse",NA,NA,NA,NA,34,6221,NA,NA,NA,"","",NA,NA,NA,NA,NA,NA,NA,NA,NA,NA,NA,NA,NA,NA
"Lemenih, M; Teketay, D",2005,"Effect of prior land use on the recolonization of native woody species under plantation forests in the highlands of Ethiopia","FOREST ECOLOGY AND MANAGEMENT","10.1016/j.foreco.2005.07.010","http://doi.org/10.1016/j.foreco.2005.07.010","ED","",7.33333333333333,38.75,"Lepis, Gambo district, Ethiopia","Arable","Forest",NA,NA,22500,90,NA,NA,2,15,NA,"Greenhouse",NA,NA,NA,NA,34,3624,NA,NA,NA,"","",NA,NA,NA,NA,NA,NA,NA,NA,NA,NA,NA,NA,NA,NA
"Lemenih, M; Teketay, D",2005,"Effect of prior land use on the recolonization of native woody species under plantation forests in the highlands of Ethiopia","FOREST ECOLOGY AND MANAGEMENT","10.1016/j.foreco.2005.07.010","http://doi.org/10.1016/j.foreco.2005.07.010","ED","",7.33333333333333,38.75,"Lepis, Gambo district, Ethiopia","Forest","Forest",NA,NA,22500,90,NA,NA,2,15,NA,"Greenhouse",NA,NA,NA,NA,28,884,NA,NA,NA,"","",NA,NA,NA,NA,NA,NA,NA,NA,NA,NA,NA,NA,NA,NA
"Holzel, N; Otte, N",2003,"Restoration of a species-rich flood meadow by topsoil removal and diaspore transfer with plant material","APPLIED VEGETATION SCIENCE","10.1111/j.1654-109X.2003.tb00573.x","http://doi.org/10.1111/j.1654-109X.2003.tb00573.x","MP","",49.85,8.38333333333333,"Holocene floodplain of the northern Upper Rhine","Arable","Wetland",NA,30,NA,100,NA,NA,2,20,NA,"Greenhouse",NA,NA,NA,NA,NA,14500,NA,NA,NA,"only considered the 2 undisturbed plots","N Holzel emailed by MP for species number and total seeds (not sure if samples were pooled per plot or not).",NA,NA,NA,NA,NA,NA,NA,NA,NA,NA,NA,NA,NA,NA
"Miller, PM",1999,"Effects of deforestation on seed banks in a tropical deciduous forest of western Mexico","JOURNAL OF TROPICAL ECOLOGY","10.1017/S0266467499000747","http://doi.org/10.1017/S0266467499000747","DR","",19.5,-105.05,"Ejido San Mateo, Jalisco, Mexico","Forest","Forest",NA,103,8330,55,458000,NA,3,24,NA,"Greenhouse",NA,NA,NA,602,30,1003,NA,NA,NA,"Opposite of a restoration study, comparing 4 stages in forest conversion. Slashed forest","",NA,NA,NA,NA,NA,NA,NA,NA,NA,NA,NA,NA,NA,NA
"Miller, PM",1999,"Effects of deforestation on seed banks in a tropical deciduous forest of western Mexico","JOURNAL OF TROPICAL ECOLOGY","10.1017/S0266467499000747","http://doi.org/10.1017/S0266467499000747","DR","",19.5,-105.05,"Ejido San Mateo, Jalisco, Mexico","Forest","Forest",NA,103,8330,55,458000,NA,3,24,NA,"Greenhouse",NA,NA,NA,42,8,70,NA,NA,NA,"One day after burning the slashed forest","",NA,NA,NA,NA,NA,NA,NA,NA,NA,NA,NA,NA,NA,NA
"Miller, PM",1999,"Effects of deforestation on seed banks in a tropical deciduous forest of western Mexico","y ia","10.1017/S0266467499000747","http://doi.org/10.1017/S0266467499000747","DR","",19.5,-105.05,"Ejido San Mateo, Jalisco, Mexico","Arable","Forest",NA,103,8330,55,458000,NA,3,24,NA,"Greenhouse",NA,NA,NA,2101,13,3503,NA,NA,NA,"One year after slash and burn, with maize and exotic grasses planted and cattle grazing","",NA,NA,NA,NA,NA,NA,NA,NA,NA,NA,NA,NA,NA,NA
"Miller, PM",1999,"Effects of deforestation on seed banks in a tropical deciduous forest of western Mexico","JOURNAL OF TROPICAL ECOLOGY","10.1017/S0266467499000747","http://doi.org/10.1017/S0266467499000747","DR","",19.5,-105.05,"Ejido San Mateo, Jalisco, Mexico","Forest","",NA,103,8330,55,458000,NA,1,72,NA,"Greenhouse",NA,NA,NA,422,30,703,NA,NA,NA,"Reference forest","",NA,NA,NA,NA,NA,NA,NA,NA,NA,NA,NA,NA,NA,NA
"Leck, MA; Leck, CF",1998,"A ten-year seed bank study of old field succession in central New Jersey","JOURNAL OF THE TORREY BOTANICAL SOCIETY","10.2307/2997228","http://doi.org/10.2307/2997228","MP","",40.5,-74.5666666666667,"Somerset, Somerset Co., NJ","Arable","Grassland",NA,NA,10000,90,NA,NA,1,10,NA,"Greenhouse",NA,NA,NA,NA,40,3571.428571,NA,NA,NA,"abandonned corn field sampled for 10 years data extracted from plots with webplotdigitizer 51 species over the 10 years","",NA,NA,NA,NA,NA,NA,NA,NA,NA,NA,NA,NA,NA,NA
"Leck, MA; Leck, CF",1998,"A ten-year seed bank study of old field succession in central New Jersey","JOURNAL OF THE TORREY BOTANICAL SOCIETY","10.2307/2997228","http://doi.org/10.2307/2997228","MP","",40.5,-74.5666666666667,"Somerset, Somerset Co., NJ","Grassland","Grassland",NA,100,NA,90,NA,NA,1,10,NA,"Greenhouse",NA,NA,NA,NA,30,13714.28571,NA,NA,NA,"abandonned corn field sampled for 10 years data extracted from plots with webplotdigitizer 51 species over the 10 years","",NA,NA,NA,NA,NA,NA,NA,NA,NA,NA,NA,NA,NA,NA
"Leck, MA; Leck, CF",1998,"A ten-year seed bank study of old field succession in central New Jersey","JOURNAL OF THE TORREY BOTANICAL SOCIETY","10.2307/2997228","http://doi.org/10.2307/2997228","MP","",40.5,-74.5666666666667,"Somerset, Somerset Co., NJ","Grassland","Grassland",NA,100,NA,90,NA,NA,1,10,NA,"Greenhouse",NA,NA,NA,NA,25,50428.57143,NA,NA,NA,"abandonned corn field sampled for 10 years data extracted from plots with webplotdigitizer 51 species over the 10 years","",NA,NA,NA,NA,NA,NA,NA,NA,NA,NA,NA,NA,NA,NA
"Leck, MA; Leck, CF",1998,"A ten-year seed bank study of old field succession in central New Jersey","JOURNAL OF THE TORREY BOTANICAL SOCIETY","10.2307/2997228","http://doi.org/10.2307/2997228","MP","",40.5,-74.5666666666667,"Somerset, Somerset Co., NJ","Grassland","Grassland",NA,100,NA,90,NA,NA,1,10,NA,"Greenhouse",NA,NA,NA,NA,27,38714.28571,NA,NA,NA,"abandonned corn field sampled for 10 years data extracted from plots with webplotdigitizer 51 species over the 10 years","",NA,NA,NA,NA,NA,NA,NA,NA,NA,NA,NA,NA,NA,NA
"Leck, MA; Leck, CF",1998,"A ten-year seed bank study of old field succession in central New Jersey","JOURNAL OF THE TORREY BOTANICAL SOCIETY","10.2307/2997228","http://doi.org/10.2307/2997228","MP","",40.5,-74.5666666666667,"Somerset, Somerset Co., NJ","Grassland","Grassland",NA,100,NA,90,NA,NA,1,10,NA,"Greenhouse",NA,NA,NA,NA,29,19714.28571,NA,NA,NA,"abandonned corn field sampled for 10 years data extracted from plots with webplotdigitizer 51 species over the 10 years","",NA,NA,NA,NA,NA,NA,NA,NA,NA,NA,NA,NA,NA,NA
"Leck, MA; Leck, CF",1998,"A ten-year seed bank study of old field succession in central New Jersey","JOURNAL OF THE TORREY BOTANICAL SOCIETY","10.2307/2997228","http://doi.org/10.2307/2997228","MP","",40.5,-74.5666666666667,"Somerset, Somerset Co., NJ","Grassland","Grassland",NA,100,NA,90,NA,NA,1,10,NA,"Greenhouse",NA,NA,NA,NA,38,25571.42857,NA,NA,NA,"abandonned corn field sampled for 10 years data extracted from plots with webplotdigitizer 51 species over the 10 years","",NA,NA,NA,NA,NA,NA,NA,NA,NA,NA,NA,NA,NA,NA
"Leck, MA; Leck, CF",1998,"A ten-year seed bank study of old field succession in central New Jersey","JOURNAL OF THE TORREY BOTANICAL SOCIETY","10.2307/2997228","http://doi.org/10.2307/2997228","MP","",40.5,-74.5666666666667,"Somerset, Somerset Co., NJ","Grassland","Grassland",NA,100,NA,90,NA,NA,1,10,NA,"Greenhouse",NA,NA,NA,NA,32,16000,NA,NA,NA,"abandonned corn field sampled for 10 years data extracted from plots with webplotdigitizer 51 species over the 10 years","",NA,NA,NA,NA,NA,NA,NA,NA,NA,NA,NA,NA,NA,NA
"Leck, MA; Leck, CF",1998,"A ten-year seed bank study of old field succession in central New Jersey","JOURNAL OF THE TORREY BOTANICAL SOCIETY","10.2307/2997228","http://doi.org/10.2307/2997228","MP","",40.5,-74.5666666666667,"Somerset, Somerset Co., NJ","Grassland","Grassland",NA,100,NA,90,NA,NA,1,10,NA,"Greenhouse",NA,NA,NA,NA,34,23142.85714,NA,NA,NA,"abandonned corn field sampled for 10 years data extracted from plots with webplotdigitizer 51 species over the 10 years","",NA,NA,NA,NA,NA,NA,NA,NA,NA,NA,NA,NA,NA,NA
"Leck, MA; Leck, CF",1998,"A ten-year seed bank study of old field succession in central New Jersey","JOURNAL OF THE TORREY BOTANICAL SOCIETY","10.2307/2997228","http://doi.org/10.2307/2997228","MP","",40.5,-74.5666666666667,"Somerset, Somerset Co., NJ","Grassland","Grassland",NA,100,NA,90,NA,NA,1,10,NA,"Greenhouse",NA,NA,NA,NA,30,20857.14286,NA,NA,NA,"abandonned corn field sampled for 10 years data extracted from plots with webplotdigitizer 51 species over the 10 years","",NA,NA,NA,NA,NA,NA,NA,NA,NA,NA,NA,NA,NA,NA
"Leck, MA; Leck, CF",1998,"A ten-year seed bank study of old field succession in central New Jersey","JOURNAL OF THE TORREY BOTANICAL SOCIETY","10.2307/2997228","http://doi.org/10.2307/2997228","MP","",40.5,-74.5666666666667,"Somerset, Somerset Co., NJ","Grassland","Grassland",NA,100,NA,90,NA,NA,1,10,NA,"Greenhouse",NA,NA,NA,NA,35,18000,NA,NA,NA,"abandonned corn field sampled for 10 years data extracted from plots with webplotdigitizer 51 species over the 10 years","",NA,NA,NA,NA,NA,NA,NA,NA,NA,NA,NA,NA,NA,NA
"Aerts, R; Huiszoon, A; VanOostrum, JHA; VandeVijver, CADM; Willems, JH",1995,"The potential for heathland restoration on formerly arable land at a site in Drenthe, The Netherlands","JOURNAL OF APPLIED ECOLOGY","10.2307/2404822","http://doi.org/10.2307/2404822","JP","",52.7666666666667,6.56666666666667,"Hellenzand Nature reserve, Drenthe province, The Netherlands","Grassland","",NA,80,NA,140,NA,NA,1,20,NA,"Greenhouse",NA,NA,NA,NA,15,32300,NA,NA,NA,"","",NA,NA,NA,NA,NA,NA,NA,NA,NA,NA,NA,NA,NA,NA
"Aerts, R; Huiszoon, A; VanOostrum, JHA; VandeVijver, CADM; Willems, JH",1995,"The potential for heathland restoration on formerly arable land at a site in Drenthe, The Netherlands","JOURNAL OF APPLIED ECOLOGY","10.2307/2404822","http://doi.org/10.2307/2404822","JP","",52.7666666666667,6.56666666666667,"Hellenzand Nature reserve, Drenthe province, The Netherlands","Arable","Grassland",NA,80,NA,140,NA,NA,1,20,NA,"Greenhouse",NA,NA,NA,NA,19,10500,NA,NA,NA,"","",NA,NA,NA,NA,NA,NA,NA,NA,NA,NA,NA,NA,NA,NA
"LAVOREL, S; DEBUSSCHE, M; LEBRETON, JD; LEPART, J",1993,"SEASONAL PATTERNS IN THE SEED BANK OF MEDITERRANEAN OLD-FIELDS","OIKOS","10.2307/3545102","http://doi.org/10.2307/3545102","DK","",43.65,3.85,"near Montpellier, French Mediterranean region","Arable","Forest",NA,NA,50000,30,NA,NA,3,90,NA,"Greenhouse",NA,NA,NA,2461,84,NA,NA,NA,NA,"different stages of old-field succession","",NA,NA,NA,NA,NA,NA,NA,NA,NA,NA,NA,NA,NA,NA
"MCDONALD, AW",1993,"THE ROLE OF SEEDBANK AND SOWN SEEDS IN THE RESTORATION OF AN ENGLISH FLOOD-MEADOW","JOURNAL OF VEGETATION SCIENCE","10.2307/3235598","http://doi.org/10.2307/3235598","DK","",51.7833333333333,-1.33333333333333,"Somerford Mead, by the Thames river, Yarnton near Oxford, UK","Arable","Grassland",NA,NA,NA,100,5e+06,NA,1,12,NA,"Greenhouse",NA,NA,NA,1274,38,NA,NA,21,NA,"grassland species","",NA,NA,NA,NA,NA,NA,NA,NA,NA,NA,NA,NA,NA,NA
"LAVOREL, S; LEBRETON, JD",1992,"EVIDENCE FOR LOTTERY RECRUITMENT IN MEDITERRANEAN OLD FIELDS","JOURNAL OF VEGETATION SCIENCE","10.2307/3236002","http://doi.org/10.2307/3236002","DK","",43.65,3.85,"near Montpellier, in the French Mediterranean region","Arable","Forest",NA,NA,50000,30,NA,NA,3,90,NA,"Greenhouse",NA,NA,NA,2508,84,NA,NA,NA,NA,"different levels of old field successions (1, 7 and 15 years after last ploughing)","",NA,NA,NA,NA,NA,NA,NA,NA,NA,NA,NA,NA,NA,NA
"BIGWOOD, DW; INOUYE, DW",1988,"SPATIAL PATTERN-ANALYSIS OF SEED BANKS - AN IMPROVED METHOD AND OPTIMIZED SAMPLING","ECOLOGY","10.2307/1940448","http://doi.org/10.2307/1940448","JP","",38.8333333333333,-76.7166666666667,"","Arable","Forest",NA,NA,250000,160,NA,NA,1,3,3,"Greenhouse",89486000,NA,NA,NA,45,NA,211.94,NA,NA,"","",NA,NA,NA,NA,NA,NA,NA,NA,NA,NA,NA,NA,NA,NA
"DANGELA, E; FACELLI, JM; JACOBO, E",1988,"THE ROLE OF THE PERMANENT SOIL SEED BANK IN EARLY STAGES OF A POST-AGRICULTURAL SUCCESSION IN THE INLAND-PAMPA, ARGENTINA","VEGETATIO","10.1007/BF00045612","http://doi.org/10.1007/BF00045612","JP","",-36,-61,"350 km west of Buenos Aires, Argentina","Arable","Grassland",NA,25,NA,70,NA,NA,1,400,400,"Extraction",NA,NA,NA,NA,22,59275,NA,NA,NA,"Only viable seeds","",NA,NA,NA,NA,NA,NA,NA,NA,NA,NA,NA,NA,NA,NA
"Sumina, O.I., Koptseva, E.M.",2019,"Seed distribution drivers at an early stage of vegetation development in a sand quarry","Vestnik Tomskogo gosudarstvennogo universiteta. Biologiya","10.17223/19988591/46/3","https://www.elibrary.ru/item.asp?id=38305887","TE","",60.0833333333333,30.4333333333333,"Russia, the vicinity of Saint-Petersburg","Arable","Forest",NA,NA,1600,50,NA,NA,4,3,12,"Extraction",NA,NA,NA,94,8,NA,NA,NA,NA,"June","",NA,NA,NA,NA,NA,NA,NA,NA,NA,NA,NA,NA,NA,NA
"Sumina, O.I., Koptseva, E.M.",2019,"Seed distribution drivers at an early stage of vegetation development in a sand quarry","Vestnik Tomskogo gosudarstvennogo universiteta. Biologiya","10.17223/19988591/46/3","https://www.elibrary.ru/item.asp?id=38305887","TE","",60.0833333333333,30.4333333333333,"Russia, the vicinity of Saint-Petersburg","Arable","Forest",NA,NA,1600,50,NA,NA,4,3,12,"Extraction",NA,NA,NA,343,14,NA,NA,NA,NA,"September","",NA,NA,NA,NA,NA,NA,NA,NA,NA,NA,NA,NA,NA,NA
"Albrecht, H; Pukacz, A; Raabe, U; Altenfelder, S",2019,"Effects of habitat conditions on the diversity and species composition o plants in the soil seed bank of temporarily flooded field depressions","PHYTOCOENOLOGIA","10.1127/phyto/2018/0277","http://doi.org/10.1127/phyto/2018/0277","JP","",52.8476284,12.6973704,"Manker,Germany","Arable","Wetland",NA,33,NA,20,NA,NA,1,60,60,"Greenhouse",NA,NA,NA,NA,23,72097,NA,4,NA,"Temporary flooded depression in arable fields, cultivated in dry years; Redlisted and near-threatened species","",NA,NA,NA,NA,NA,NA,NA,NA,NA,NA,NA,NA,NA,NA
"Albrecht, H; Pukacz, A; Raabe, U; Altenfelder, S",2019,"Effects of habitat conditions on the diversity and species composition o plants in the soil seed bank of temporarily flooded field depressions","PHYTOCOENOLOGIA","10.1127/phyto/2018/0277","http://doi.org/10.1127/phyto/2018/0277","JP","",52.8460057,12.7020856,"Manker,Germany","Arable","Wetland",NA,33,NA,20,NA,NA,1,60,60,"Greenhouse",NA,NA,NA,NA,16,35802,NA,2,NA,"Temporary flooded depression in arable fields, cultivated in dry years; Redlisted and near-threatened species","",NA,NA,NA,NA,NA,NA,NA,NA,NA,NA,NA,NA,NA,NA
"Albrecht, H; Pukacz, A; Raabe, U; Altenfelder, S",2019,"Effects of habitat conditions on the diversity and species composition o plants in the soil seed bank of temporarily flooded field depressions","PHYTOCOENOLOGIA","10.1127/phyto/2018/0277","http://doi.org/10.1127/phyto/2018/0277","JP","",52.6069669,12.7963255,"Berge, Germany","Arable","Wetland",NA,33,NA,20,NA,NA,1,60,60,"Greenhouse",NA,NA,NA,NA,27,34459,NA,6,NA,"Temporary flooded depression in arable fields, cultivated in dry years; Redlisted and near-threatened species","",NA,NA,NA,NA,NA,NA,NA,NA,NA,NA,NA,NA,NA,NA
"Albrecht, H; Pukacz, A; Raabe, U; Altenfelder, S",2019,"Effects of habitat conditions on the diversity and species composition o plants in the soil seed bank of temporarily flooded field depressions","PHYTOCOENOLOGIA","10.1127/phyto/2018/0277","http://doi.org/10.1127/phyto/2018/0277","JP","",52.6116168,12.8001169,"Berge, Germany","Arable","Wetland",NA,33,NA,20,NA,NA,1,60,60,"Greenhouse",NA,NA,NA,NA,30,67595,NA,6,NA,"Temporary flooded depression in arable fields, cultivated in dry years; Redlisted and near-threatened species","",NA,NA,NA,NA,NA,NA,NA,NA,NA,NA,NA,NA,NA,NA
"Albrecht, H; Pukacz, A; Raabe, U; Altenfelder, S",2019,"Effects of habitat conditions on the diversity and species composition o plants in the soil seed bank of temporarily flooded field depressions","PHYTOCOENOLOGIA","10.1127/phyto/2018/0277","http://doi.org/10.1127/phyto/2018/0277","JP","",52.3881927,12.7564886,"Gross Kreuz, Germany","Arable","Wetland",NA,33,NA,20,NA,NA,1,60,60,"Greenhouse",NA,NA,NA,NA,33,79542,NA,5,NA,"Temporary flooded depression in arable fields, cultivated in dry years; Redlisted and near-threatened species","",NA,NA,NA,NA,NA,NA,NA,NA,NA,NA,NA,NA,NA,NA
"Albrecht, H; Pukacz, A; Raabe, U; Altenfelder, S",2019,"Effects of habitat conditions on the diversity and species composition o plants in the soil seed bank of temporarily flooded field depressions","PHYTOCOENOLOGIA","10.1127/phyto/2018/0277","http://doi.org/10.1127/phyto/2018/0277","JP","",52.9356388,14.030149,"Parstein, Germany","Arable","Wetland",NA,33,NA,20,NA,NA,1,60,60,"Greenhouse",NA,NA,NA,NA,26,14297,NA,3,NA,"Temporary flooded depression in arable fields, cultivated in dry years; Redlisted and near-threatened species","",NA,NA,NA,NA,NA,NA,NA,NA,NA,NA,NA,NA,NA,NA
"Albrecht, H; Pukacz, A; Raabe, U; Altenfelder, S",2019,"Effects of habitat conditions on the diversity and species composition o plants in the soil seed bank of temporarily flooded field depressions","PHYTOCOENOLOGIA","10.1127/phyto/2018/0277","http://doi.org/10.1127/phyto/2018/0277","JP","",52.939935,14.0253432,"Parstein, Germany","Arable","Wetland",NA,33,NA,20,NA,NA,1,60,60,"Greenhouse",NA,NA,NA,NA,23,50454,NA,6,NA,"Temporary flooded depression in arable fields, cultivated in dry years; Redlisted and near-threatened species","",NA,NA,NA,NA,NA,NA,NA,NA,NA,NA,NA,NA,NA,NA
"Albrecht, H; Pukacz, A; Raabe, U; Altenfelder, S",2019,"Effects of habitat conditions on the diversity and species composition o plants in the soil seed bank of temporarily flooded field depressions","PHYTOCOENOLOGIA","10.1127/phyto/2018/0277","http://doi.org/10.1127/phyto/2018/0277","JP","",52.8296875,14.0559352,"Neuenhagen, Germany","Arable","Wetland",NA,33,NA,20,NA,NA,1,60,60,"Greenhouse",NA,NA,NA,NA,29,38665,NA,8,NA,"Temporary flooded depression in arable fields, cultivated in dry years; Redlisted and near-threatened species","",NA,NA,NA,NA,NA,NA,NA,NA,NA,NA,NA,NA,NA,NA
"Albrecht, H; Pukacz, A; Raabe, U; Altenfelder, S",2019,"Effects of habitat conditions on the diversity and species composition o plants in the soil seed bank of temporarily flooded field depressions","PHYTOCOENOLOGIA","10.1127/phyto/2018/0277","http://doi.org/10.1127/phyto/2018/0277","JP","",52.8272724,14.0535978,"Neuenhagen, Germany","Arable","Wetland",NA,33,NA,20,NA,NA,1,60,60,"Greenhouse",NA,NA,NA,NA,36,25731,NA,8,NA,"Temporary flooded depression in arable fields, cultivated in dry years; Redlisted and near-threatened species","",NA,NA,NA,NA,NA,NA,NA,NA,NA,NA,NA,NA,NA,NA
"Albrecht, H; Pukacz, A; Raabe, U; Altenfelder, S",2019,"Effects of habitat conditions on the diversity and species composition o plants in the soil seed bank of temporarily flooded field depressions","PHYTOCOENOLOGIA","10.1127/phyto/2018/0277","http://doi.org/10.1127/phyto/2018/0277","JP","",52.8775202,14.2510005,"Cedynia, Poland","Arable","Wetland",NA,33,NA,20,NA,NA,1,60,60,"Greenhouse",NA,NA,NA,NA,20,50592,NA,3,NA,"Temporary flooded depression in arable fields, cultivated in dry years; Redlisted and near-threatened species","",NA,NA,NA,NA,NA,NA,NA,NA,NA,NA,NA,NA,NA,NA
"Albrecht, H; Pukacz, A; Raabe, U; Altenfelder, S",2019,"Effects of habitat conditions on the diversity and species composition o plants in the soil seed bank of temporarily flooded field depressions","PHYTOCOENOLOGIA","10.1127/phyto/2018/0277","http://doi.org/10.1127/phyto/2018/0277","JP","",52.8720039,14.256951,"Cedynia, Poland","Arable","Wetland",NA,33,NA,20,NA,NA,1,60,60,"Greenhouse",NA,NA,NA,NA,30,34874,NA,4,NA,"Temporary flooded depression in arable fields, cultivated in dry years; Redlisted and near-threatened species","",NA,NA,NA,NA,NA,NA,NA,NA,NA,NA,NA,NA,NA,NA
"Albrecht, H; Pukacz, A; Raabe, U; Altenfelder, S",2019,"Effects of habitat conditions on the diversity and species composition o plants in the soil seed bank of temporarily flooded field depressions","PHYTOCOENOLOGIA","10.1127/phyto/2018/0277","http://doi.org/10.1127/phyto/2018/0277","JP","",52.8937185,14.236085,"Niesulow, Poland","Arable","Wetland",NA,33,NA,20,NA,NA,1,60,60,"Greenhouse",NA,NA,NA,NA,29,16074,NA,7,NA,"Temporary flooded depression in arable fields, cultivated in dry years; Redlisted and near-threatened species","",NA,NA,NA,NA,NA,NA,NA,NA,NA,NA,NA,NA,NA,NA
"Albrecht, H; Pukacz, A; Raabe, U; Altenfelder, S",2019,"Effects of habitat conditions on the diversity and species composition o plants in the soil seed bank of temporarily flooded field depressions","PHYTOCOENOLOGIA","10.1127/phyto/2018/0277","http://doi.org/10.1127/phyto/2018/0277","JP","",52.8972758,14.2373435,"Niesulow, Poland","Arable","Wetland",NA,33,NA,20,NA,NA,1,60,60,"Greenhouse",NA,NA,NA,NA,28,135051,NA,4,NA,"Temporary flooded depression in arable fields, cultivated in dry years; Redlisted and near-threatened species","",NA,NA,NA,NA,NA,NA,NA,NA,NA,NA,NA,NA,NA,NA
"Albrecht, H; Pukacz, A; Raabe, U; Altenfelder, S",2019,"Effects of habitat conditions on the diversity and species composition o plants in the soil seed bank of temporarily flooded field depressions","PHYTOCOENOLOGIA","10.1127/phyto/2018/0277","http://doi.org/10.1127/phyto/2018/0277","JP","",52.6623062,14.6979941,"Sarbinowo, Poland","Arable","Wetland",NA,33,NA,20,NA,NA,1,60,60,"Greenhouse",NA,NA,NA,NA,30,83294,NA,6,NA,"Temporary flooded depression in arable fields, cultivated in dry years; Redlisted and near-threatened species","",NA,NA,NA,NA,NA,NA,NA,NA,NA,NA,NA,NA,NA,NA
"Albrecht, H; Pukacz, A; Raabe, U; Altenfelder, S",2019,"Effects of habitat conditions on the diversity and species composition o plants in the soil seed bank of temporarily flooded field depressions","PHYTOCOENOLOGIA","10.1127/phyto/2018/0277","http://doi.org/10.1127/phyto/2018/0277","JP","",52.664987,14.7083856,"Sarbinowo, Poland","Arable","Wetland",NA,33,NA,20,NA,NA,1,60,60,"Greenhouse",NA,NA,NA,NA,33,50118,NA,7,NA,"Temporary flooded depression in arable fields, cultivated in dry years; Redlisted and near-threatened species","",NA,NA,NA,NA,NA,NA,NA,NA,NA,NA,NA,NA,NA,NA
"Szabo, A; Ruprecht, E",2018,"Restoration possibilities of dry grasslands afforested by pine: the role of seed bank and remnant vegetation","TUEXENIA","10.14471/2018.38.013","http://doi.org/10.14471/2018.38.013","NSH","",46.5309,23.9387,"","Grassland","Grassland",NA,40,1250,100,NA,NA,1,48,48,"Greenhouse",NA,NA,NA,NA,25,1360,NA,NA,NA,"","",NA,NA,NA,NA,NA,NA,NA,NA,NA,NA,NA,NA,NA,NA
"Szabo, A; Ruprecht, E",2018,"Restoration possibilities of dry grasslands afforested by pine: the role of seed bank and remnant vegetation","TUEXENIA","10.14471/2018.38.013","http://doi.org/10.14471/2018.38.013","NSH","",46.5309,23.9387,"","Arable","Grassland",NA,40,1250,100,NA,NA,1,48,48,"Greenhouse",NA,NA,NA,NA,44,3500,NA,NA,NA,"","",NA,NA,NA,NA,NA,NA,NA,NA,NA,NA,NA,NA,NA,NA
"Saatkamp, A; Henry, F; Dutoit, T",2018,"Vegetation and soil seed bank in a 23-year grazing exclusion chronosequence in a Mediterranean dry grassland","PLANT BIOSYSTEMS","10.1080/11263504.2017.1407375","http://doi.org/10.1080/11263504.2017.1407375","NSH","",43.57,4.8527,"","Arable","Grassland",1,NA,NA,NA,1200000,NA,4,24,96,"Greenhouse",NA,NA,NA,1566,55,NA,NA,NA,NA,"","",NA,NA,NA,NA,NA,NA,NA,NA,NA,NA,NA,NA,NA,NA
"Nguyen, T; Bajwa, AA; Belgeri, A; Navie, S; O'Donnell, C; Adkins, S",2017,"Impact of an invasive weed, Parthenium hysterophorus, on a pasture community in south east Queensland, Australia","ENVIRONMENTAL SCIENCE AND POLLUTION RESEARCH","10.1007/s11356-017-0327-1","http://doi.org/10.1007/s11356-017-0327-1","NSH","",-26.94943,152.49277,"","Arable","Grassland",NA,72,NA,100,NA,NA,3,80,240,"Greenhouse",NA,NA,NA,NA,101,16196.5,NA,NA,NA,"Seed density varied greatly and only variation reported (not values for individual sites). Reported density is the midrange of the two extreme values. ","",NA,NA,NA,NA,NA,NA,NA,NA,NA,NA,NA,NA,NA,NA
"Bourgeois, B; Boutin, C; Vanasse, A; Poulin, M",2017,"Divergence between riparian seed banks and standing vegetation increases along successional trajectories","JOURNAL OF VEGETATION SCIENCE","10.1111/jvs.12536","http://doi.org/10.1111/jvs.12536","NSH","",46.5583,-70.9249,"Canada","Arable","Forest",NA,NA,NA,100,1600000,NA,2,45,90,"Greenhouse",5.4e+07,NA,NA,15960,122,NA,NA,70,NA,"Three zones sampled along river courses. Richness presented across all the data, but abundance per zone. Averages calculated here. ","",NA,NA,NA,NA,NA,NA,NA,NA,NA,NA,NA,NA,NA,NA
"Dalton, RL; Carpenter, DJ; Boutin, C; Allison, JE",2017,"Factors affecting soil seed banks of riparian communities in an agricultural ecosystem: potential for conservation of native plant diversity","APPLIED VEGETATION SCIENCE","10.1111/avsc.12313","http://doi.org/10.1111/avsc.12313","NSH","",45.12567,-75.3997,"Canada","Arable","Forest",NA,76.2,NA,152.4,NA,NA,24,36,864,"Greenhouse",NA,NA,NA,11436,181,16137,NA,NA,59,"Non-native species","",NA,NA,NA,NA,NA,NA,NA,NA,NA,NA,NA,NA,NA,NA
"Dawson, SK; Kingsford, RT; Berney, P; Keith, DA; Hemmings, FA; Warton, DI; Waters, C; Catford, JA",2017,"Frequent inundation helps counteract land use impacts on wetland propagule banks","APPLIED VEGETATION SCIENCE","10.1111/avsc.12295","http://doi.org/10.1111/avsc.12295","NSH","",-30.8,147.55,"Australia","Arable","Wetland",NA,50,NA,50,NA,NA,108,90,9720,"Greenhouse",NA,NA,NA,29974,92,NA,NA,NA,NA,"","",NA,NA,NA,NA,NA,NA,NA,NA,NA,NA,NA,NA,NA,NA
"Schwab, A; Kiehl, K",2017,"Analysis of soil seed bank patterns in an oxbow system of a disconnected floodplain","ECOLOGICAL ENGINEERING","10.1016/j.ecoleng.2016.11.068","http://doi.org/10.1016/j.ecoleng.2016.11.068","NSH","",48.7484,11.3073,"Germany","Arable","Wetland",NA,50,NA,170,NA,NA,65,12,780,"Greenhouse",NA,NA,NA,12606,124,NA,NA,26,NA,"Rare species. ""Arable"" assigned because of anthropogenic modification. Sites were riparian vegetation. ","",NA,NA,NA,NA,NA,NA,NA,NA,NA,NA,NA,NA,NA,NA
"Boutin, C; Carpenter, DJ",2017,"Assessment of wetland/upland vegetation communities and evaluation of soil-plant contamination by polycyclic aromatic hydrocarbons and trace metals in regions near oil sands mining in Alberta","SCIENCE OF THE TOTAL ENVIRONMENT","10.1016/j.scitotenv.2016.10.062","http://doi.org/10.1016/j.scitotenv.2016.10.062","NSH","",57.29908,-111.5531,"Alberta, Canada","Arable","Wetland",NA,NA,NA,100,NA,NA,22,81,1782,"Greenhouse",92400000,NA,NA,NA,153,NA,NA,NA,18,"Arable assigned because of anthropogenic disturbance. Target vegetation is riparian forest and wetland. No data on species abundance given. ","Contact author",NA,NA,NA,NA,NA,NA,NA,NA,NA,NA,NA,NA,NA,NA
"Fracchiolla, M; Terzi, M; Frabboni, L; Caramia, D; Lasorella, C; De Giorgio, D; Montemurro, P; Cazzato, E",2016,"Influence of different soil management practices on ground-flora vegetation in an almond orchard","RENEWABLE AGRICULTURE AND FOOD SYSTEMS","10.1017/S1742170515000241","http://doi.org/10.1017/S1742170515000241","ML","",41.118017,16.86422,"","Arable","Arable",NA,50,NA,300,NA,NA,4,10,NA,"Greenhouse",NA,NA,NA,NA,6,2524,NA,NA,NA,"","",NA,NA,NA,NA,NA,NA,NA,NA,NA,NA,NA,NA,NA,NA
"Fracchiolla, M; Terzi, M; Frabboni, L; Caramia, D; Lasorella, C; De Giorgio, D; Montemurro, P; Cazzato, E",2016,"Influence of different soil management practices on ground-flora vegetation in an almond orchard","RENEWABLE AGRICULTURE AND FOOD SYSTEMS","10.1017/S1742170515000241","http://doi.org/10.1017/S1742170515000241","ML","",41.118017,16.86422,"","Arable","Arable",NA,50,NA,300,NA,NA,4,10,NA,"Greenhouse",NA,NA,NA,NA,15,7890,NA,NA,NA,"","",NA,NA,NA,NA,NA,NA,NA,NA,NA,NA,NA,NA,NA,NA
"Fracchiolla, M; Terzi, M; Frabboni, L; Caramia, D; Lasorella, C; De Giorgio, D; Montemurro, P; Cazzato, E",2016,"Influence of different soil management practices on ground-flora vegetation in an almond orchard","RENEWABLE AGRICULTURE AND FOOD SYSTEMS","10.1017/S1742170515000241","http://doi.org/10.1017/S1742170515000241","ML","",41.118017,16.86422,"","Arable","Arable",NA,50,NA,300,NA,NA,4,10,NA,"Greenhouse",NA,NA,NA,NA,16,11678,NA,NA,NA,"","",NA,NA,NA,NA,NA,NA,NA,NA,NA,NA,NA,NA,NA,NA
"Fracchiolla, M; Terzi, M; Frabboni, L; Caramia, D; Lasorella, C; De Giorgio, D; Montemurro, P; Cazzato, E",2016,"Influence of different soil management practices on ground-flora vegetation in an almond orchard","RENEWABLE AGRICULTURE AND FOOD SYSTEMS","10.1017/S1742170515000241","http://doi.org/10.1017/S1742170515000241","ML","",41.118017,16.86422,"","Arable","Arable",NA,50,NA,300,NA,NA,4,10,NA,"Greenhouse",NA,NA,NA,NA,16,8884,NA,NA,NA,"","",NA,NA,NA,NA,NA,NA,NA,NA,NA,NA,NA,NA,NA,NA
"Fracchiolla, M; Terzi, M; Frabboni, L; Caramia, D; Lasorella, C; De Giorgio, D; Montemurro, P; Cazzato, E",2016,"Influence of different soil management practices on ground-flora vegetation in an almond orchard","RENEWABLE AGRICULTURE AND FOOD SYSTEMS","10.1017/S1742170515000241","http://doi.org/10.1017/S1742170515000241","ML","",41.118017,16.86422,"","Arable","Arable",NA,50,NA,300,NA,NA,4,10,NA,"Greenhouse",NA,NA,NA,NA,13,9897,NA,NA,NA,"","",NA,NA,NA,NA,NA,NA,NA,NA,NA,NA,NA,NA,NA,NA
"Zhang, DJ; Zhang, J; Yang, WQ; Wu, FZ; Huang, YM",2014,"Plant and soil seed bank diversity across a range of ages of Eucalyptus grandis plantations afforested on arable lands","PLANT AND SOIL","10.1007/s11104-013-1954-z","http://doi.org/10.1007/s11104-013-1954-z","MP","",29.95,103.0083,"Danling region, western Sichuan Province","Arable","Forest",NA,NA,10000,100,NA,NA,1,6,NA,"Greenhouse",NA,NA,NA,NA,19,3055,NA,NA,NA,"","",NA,NA,NA,NA,NA,NA,NA,NA,NA,NA,NA,NA,NA,NA
"Zhang, DJ; Zhang, J; Yang, WQ; Wu, FZ; Huang, YM",2014,"Plant and soil seed bank diversity across a range of ages of Eucalyptus grandis plantations afforested on arable lands","PLANT AND SOIL","10.1007/s11104-013-1954-z","http://doi.org/10.1007/s11104-013-1954-z","MP","",29.95,103.0083,"Danling region, western Sichuan Province","Arable","Forest",NA,NA,10000,100,NA,NA,1,6,NA,"Greenhouse",NA,NA,NA,NA,16,1786,NA,NA,NA,"","",NA,NA,NA,NA,NA,NA,NA,NA,NA,NA,NA,NA,NA,NA
"Zhang, DJ; Zhang, J; Yang, WQ; Wu, FZ; Huang, YM",2014,"Plant and soil seed bank diversity across a range of ages of Eucalyptus grandis plantations afforested on arable lands","PLANT AND SOIL","10.1007/s11104-013-1954-z","http://doi.org/10.1007/s11104-013-1954-z","MP","",29.95,103.0083,"Danling region, western Sichuan Province","Arable","Forest",NA,NA,10000,100,NA,NA,1,6,NA,"Greenhouse",NA,NA,NA,NA,16,1370,NA,NA,NA,"","",NA,NA,NA,NA,NA,NA,NA,NA,NA,NA,NA,NA,NA,NA
"Zhang, DJ; Zhang, J; Yang, WQ; Wu, FZ; Huang, YM",2014,"Plant and soil seed bank diversity across a range of ages of Eucalyptus grandis plantations afforested on arable lands","PLANT AND SOIL","10.1007/s11104-013-1954-z","http://doi.org/10.1007/s11104-013-1954-z","MP","",29.95,103.0083,"Danling region, western Sichuan Province","Arable","Forest",NA,NA,10000,100,NA,NA,1,6,NA,"Greenhouse",NA,NA,NA,NA,24,1554,NA,NA,NA,"","",NA,NA,NA,NA,NA,NA,NA,NA,NA,NA,NA,NA,NA,NA
"Zhang, DJ; Zhang, J; Yang, WQ; Wu, FZ; Huang, YM",2014,"Plant and soil seed bank diversity across a range of ages of Eucalyptus grandis plantations afforested on arable lands","PLANT AND SOIL","10.1007/s11104-013-1954-z","http://doi.org/10.1007/s11104-013-1954-z","MP","",29.95,103.0083,"Danling region, western Sichuan Province","Arable","Forest",NA,NA,10000,100,NA,NA,1,6,NA,"Greenhouse",NA,NA,NA,NA,14,1316,NA,NA,NA,"","",NA,NA,NA,NA,NA,NA,NA,NA,NA,NA,NA,NA,NA,NA
"Zhang, DJ; Zhang, J; Yang, WQ; Wu, FZ; Huang, YM",2014,"Plant and soil seed bank diversity across a range of ages of Eucalyptus grandis plantations afforested on arable lands","PLANT AND SOIL","10.1007/s11104-013-1954-z","http://doi.org/10.1007/s11104-013-1954-z","MP","",29.95,103.0083,"Danling region, western Sichuan Province","Arable","Forest",NA,NA,10000,100,NA,NA,1,6,NA,"Greenhouse",NA,NA,NA,NA,18,1107,NA,NA,NA,"","",NA,NA,NA,NA,NA,NA,NA,NA,NA,NA,NA,NA,NA,NA
"Zhang, DJ; Zhang, J; Yang, WQ; Wu, FZ; Huang, YM",2014,"Plant and soil seed bank diversity across a range of ages of Eucalyptus grandis plantations afforested on arable lands","PLANT AND SOIL","10.1007/s11104-013-1954-z","http://doi.org/10.1007/s11104-013-1954-z","MP","",29.95,103.0083,"Danling region, western Sichuan Province","Arable","Forest",NA,NA,10000,100,NA,NA,1,6,NA,"Greenhouse",NA,NA,NA,NA,26,1399,NA,NA,NA,"","",NA,NA,NA,NA,NA,NA,NA,NA,NA,NA,NA,NA,NA,NA
"Zhang, DJ; Zhang, J; Yang, WQ; Wu, FZ; Huang, YM",2014,"Plant and soil seed bank diversity across a range of ages of Eucalyptus grandis plantations afforested on arable lands","PLANT AND SOIL","10.1007/s11104-013-1954-z","http://doi.org/10.1007/s11104-013-1954-z","MP","",29.95,103.0083,"Danling region, western Sichuan Province","Arable","Forest",NA,NA,10000,100,NA,NA,1,6,NA,"Greenhouse",NA,NA,NA,NA,33,1538,NA,NA,NA,"","",NA,NA,NA,NA,NA,NA,NA,NA,NA,NA,NA,NA,NA,NA
"Zhang, DJ; Zhang, J; Yang, WQ; Wu, FZ; Huang, YM",2014,"Plant and soil seed bank diversity across a range of ages of Eucalyptus grandis plantations afforested on arable lands","PLANT AND SOIL","10.1007/s11104-013-1954-z","http://doi.org/10.1007/s11104-013-1954-z","MP","",29.95,103.0083,"Danling region, western Sichuan Province","Arable","Forest",NA,NA,10000,100,NA,NA,1,6,NA,"Greenhouse",NA,NA,NA,NA,33,1731,NA,NA,NA,"","",NA,NA,NA,NA,NA,NA,NA,NA,NA,NA,NA,NA,NA,NA
"Zhang, DJ; Zhang, J; Yang, WQ; Wu, FZ; Huang, YM",2014,"Plant and soil seed bank diversity across a range of ages of Eucalyptus grandis plantations afforested on arable lands","PLANT AND SOIL","10.1007/s11104-013-1954-z","http://doi.org/10.1007/s11104-013-1954-z","MP","",29.95,103.0083,"Danling region, western Sichuan Province","Arable","Forest",NA,NA,10000,100,NA,NA,1,6,NA,"Greenhouse",NA,NA,NA,NA,36,1977,NA,NA,NA,"","",NA,NA,NA,NA,NA,NA,NA,NA,NA,NA,NA,NA,NA,NA
"de Rouw, A; Casagrande, M; Phaynaxay, K; Soulileuth, B; Saito, K",2014,"Soil seedbanks in slash-and-burn rice fields of northern Laos","WEED RESEARCH","10.1111/wre.12053","http://doi.org/10.1111/wre.12053","JP","",19.8108,102.1649,"Luang Prabang, northern Laos","Arable","Forest",NA,NA,10000,100,NA,NA,4,NA,66,"Greenhouse",NA,NA,NA,6387,75,NA,NA,NA,NA,"Secondary succession following slash-burn cultivation, 0 - 15 years old fields","",NA,NA,NA,NA,NA,NA,NA,NA,NA,NA,NA,NA,NA,NA
"Bissels, S; Donath, TW; Holzel, N; Otte, A",2005,"Ephemeral wetland vegetation in irregularly flooded arable fields along the northern Upper Rhine: the importance of persistent seedbanks","PHYTOCOENOLOGIA","10.1127/0340-269X/2005/0035-0469","http://doi.org/10.1127/0340-269X/2005/0035-0469","MP","",49.85306,8.420556,"Hessian portion of the Holocene floodplain of the River Rhine","Arable","Wetland",NA,30,NA,100,NA,NA,9,20,NA,"Greenhouse",NA,NA,NA,28724,47,225756,NA,NA,NA,"wetland arable and they were interested in ephemeral wetland vegetation","",NA,NA,NA,NA,NA,NA,NA,NA,NA,NA,NA,NA,NA,NA
"Amiaud, B; Touzard, B",2004,"The relationships between soil seed bank, aboveground vegetation and disturbances in old embanked marshlands of Western France","FLORA","10.1078/0367-2530-00129","http://doi.org/10.1078/0367-2530-00129","JP","",46.3454,-0.9798,"Marais Poitevin, French Atlantic coast, La Rochelle-Niort, France","Wetland","",NA,NA,10000,50,NA,NA,2,5,NA,"Greenhouse",NA,NA,NA,1367,27,27340,NA,NA,NA,"Grazed grassland; Internationally important wetland area","",NA,NA,NA,NA,NA,NA,NA,NA,NA,NA,NA,NA,NA,NA
"Amiaud, B; Touzard, B",2004,"The relationships between soil seed bank, aboveground vegetation and disturbances in old embanked marshlands of Western France","FLORA","10.1078/0367-2530-00129","http://doi.org/10.1078/0367-2530-00129","JP","",46.3454,-0.9798,"Marais Poitevin, French Atlantic coast, La Rochelle-Niort, France","Arable","Wetland",NA,NA,10000,50,NA,NA,2,5,NA,"Greenhouse",NA,NA,NA,1191,23,23820,NA,NA,NA,"3yr old abandoned arable field; Internationally important wetland area","",NA,NA,NA,NA,NA,NA,NA,NA,NA,NA,NA,NA,NA,NA
"Blomqvist, MM; Bekker, RM; Vos, P",2003,"Restoration of ditch bank plant species richness: The potential of the soil seed bank","APPLIED VEGETATION SCIENCE","10.1658/1402-2001(2003)006[0179:RODBPS]2.0.CO;2","http://doi.org/10.1658/1402-2001(2003)006[0179:RODBPS]2.0.CO;2","MP","",51.99167,4.933333,"South-Holland in the Western Peat District in The Netherlands","Arable","Grassland",NA,50,NA,100,NA,NA,12,20,NA,"Greenhouse",NA,NA,NA,11075,74,NA,NA,16,NA,"","",NA,NA,NA,NA,NA,NA,NA,NA,NA,NA,NA,NA,NA,NA
"Wetzel, PR; van der Valk, AG; Toth, LA",2001,"Restoration of wetland vegetation on the Kissimmee River floodplain: Potential role of seed banks","WETLANDS","10.1672/0277-5212(2001)021[0189:ROWVOT]2.0.CO;2","http://doi.org/10.1672/0277-5212(2001)021[0189:ROWVOT]2.0.CO;2","EL","",27.395367,81.035804,"Kissimmee River floodplain, Florida","Arable","Wetland",1,125,NA,10,NA,NA,NA,36,NA,"Greenhouse",2562000,NA,NA,NA,31,787,NA,NA,NA,"Wet Prarie (former)","",NA,NA,NA,NA,NA,NA,NA,NA,NA,NA,NA,NA,NA,NA
"Wetzel, PR; van der Valk, AG; Toth, LA",2001,"Restoration of wetland vegetation on the Kissimmee River floodplain: Potential role of seed banks","WETLANDS","10.1672/0277-5212(2001)021[0189:ROWVOT]2.0.CO;2","http://doi.org/10.1672/0277-5212(2001)021[0189:ROWVOT]2.0.CO;2","EL","",27.395367,81.035804,"Kissimmee River floodplain, Florida","Wetland","",1,125,NA,10,NA,NA,NA,36,NA,"Greenhouse",2562000,NA,NA,NA,30,857,NA,NA,NA,"Wet Prarie","",NA,NA,NA,NA,NA,NA,NA,NA,NA,NA,NA,NA,NA,NA
"Wetzel, PR; van der Valk, AG; Toth, LA",2001,"Restoration of wetland vegetation on the Kissimmee River floodplain: Potential role of seed banks","WETLANDS","10.1672/0277-5212(2001)021[0189:ROWVOT]2.0.CO;2","http://doi.org/10.1672/0277-5212(2001)021[0189:ROWVOT]2.0.CO;2","EL","",27.395367,81.035804,"Kissimmee River floodplain, Florida","Arable","Wetland",1,125,NA,10,NA,NA,NA,36,NA,"Greenhouse",2562000,NA,NA,NA,32,5829,NA,NA,NA,"Broadleaf marsh (former)","",NA,NA,NA,NA,NA,NA,NA,NA,NA,NA,NA,NA,NA,NA
"Wetzel, PR; van der Valk, AG; Toth, LA",2001,"Restoration of wetland vegetation on the Kissimmee River floodplain: Potential role of seed banks","WETLANDS","10.1672/0277-5212(2001)021[0189:ROWVOT]2.0.CO;2","http://doi.org/10.1672/0277-5212(2001)021[0189:ROWVOT]2.0.CO;2","EL","",27.395367,81.035804,"Kissimmee River floodplain, Florida","Wetland","",1,125,NA,10,NA,NA,NA,36,NA,"Greenhouse",2562000,NA,NA,NA,23,179,NA,NA,NA,"Broadleaf marsh","",NA,NA,NA,NA,NA,NA,NA,NA,NA,NA,NA,NA,NA,NA
"Wetzel, PR; van der Valk, AG; Toth, LA",2001,"Restoration of wetland vegetation on the Kissimmee River floodplain: Potential role of seed banks","WETLANDS","10.1672/0277-5212(2001)021[0189:ROWVOT]2.0.CO;2","http://doi.org/10.1672/0277-5212(2001)021[0189:ROWVOT]2.0.CO;2","EL","",27.395367,81.035804,"Kissimmee River floodplain, Florida","Arable","Wetland",1,125,NA,10,NA,NA,NA,36,NA,"Greenhouse",2562000,NA,NA,NA,31,4937,NA,NA,NA,"Wetland Shrub (former)","",NA,NA,NA,NA,NA,NA,NA,NA,NA,NA,NA,NA,NA,NA
"Wetzel, PR; van der Valk, AG; Toth, LA",2001,"Restoration of wetland vegetation on the Kissimmee River floodplain: Potential role of seed banks","WETLANDS","10.1672/0277-5212(2001)021[0189:ROWVOT]2.0.CO;2","http://doi.org/10.1672/0277-5212(2001)021[0189:ROWVOT]2.0.CO;2","EL","",27.395367,81.035804,"Kissimmee River floodplain, Florida","Wetland","",1,125,NA,10,NA,NA,NA,36,NA,"Greenhouse",2562000,NA,NA,NA,13,397,NA,NA,NA,"Wetland Shrub","",NA,NA,NA,NA,NA,NA,NA,NA,NA,NA,NA,NA,NA,NA
"Owen, NW; Kent, M; Dale, MP",2001,"Spatial and temporal variability in seed dynamics of machair sand dune plant communities, the Outer Hebrides, Scotland","JOURNAL OF BIOGEOGRAPHY","10.1046/j.1365-2699.2001.00564.x","http://doi.org/10.1046/j.1365-2699.2001.00564.x","JP","",57.2219,-7.4236,"Kildonan, South Uist, Hebrides, Scotland","Grassland","",NA,100,NA,40,NA,NA,1,NA,59,"Greenhouse",NA,NA,NA,NA,19,NA,NA,NA,NA,"Machair grassland","",NA,NA,NA,NA,NA,NA,NA,NA,NA,NA,NA,NA,NA,NA
"Owen, NW; Kent, M; Dale, MP",2001,"Spatial and temporal variability in seed dynamics of machair sand dune plant communities, the Outer Hebrides, Scotland","JOURNAL OF BIOGEOGRAPHY","10.1046/j.1365-2699.2001.00564.x","http://doi.org/10.1046/j.1365-2699.2001.00564.x","JP","",57.2219,-7.4236,"Kildonan, South Uist, Hebrides, Scotland","Arable","Grassland",NA,100,NA,40,NA,NA,4,NA,112,"Greenhouse",NA,NA,NA,NA,29,NA,NA,NA,NA,"1 - 4 year fallow","",NA,NA,NA,NA,NA,NA,NA,NA,NA,NA,NA,NA,NA,NA
"Owen, NW; Kent, M; Dale, MP",2001,"Spatial and temporal variability in seed dynamics of machair sand dune plant communities, the Outer Hebrides, Scotland","JOURNAL OF BIOGEOGRAPHY","10.1046/j.1365-2699.2001.00564.x","http://doi.org/10.1046/j.1365-2699.2001.00564.x","JP","",57.2219,-7.4236,"Kildonan, South Uist, Hebrides, Scotland","Arable","",NA,100,NA,40,NA,NA,1,NA,20,"Greenhouse",NA,NA,NA,NA,12,NA,NA,NA,NA,"Arable land","",NA,NA,NA,NA,NA,NA,NA,NA,NA,NA,NA,NA,NA,NA
"Owen, NW; Kent, M; Dale, MP",2001,"Spatial and temporal variability in seed dynamics of machair sand dune plant communities, the Outer Hebrides, Scotland","JOURNAL OF BIOGEOGRAPHY","10.1046/j.1365-2699.2001.00564.x","http://doi.org/10.1046/j.1365-2699.2001.00564.x","JP","",57.3161,-7.3945,"Drimsdale, South Uist, Hebrides, Scotland","Grassland","",NA,100,NA,40,NA,NA,1,NA,59,"Greenhouse",NA,NA,NA,NA,19,NA,NA,NA,NA,"Dune grassland","",NA,NA,NA,NA,NA,NA,NA,NA,NA,NA,NA,NA,NA,NA
"Owen, NW; Kent, M; Dale, MP",2001,"Spatial and temporal variability in seed dynamics of machair sand dune plant communities, the Outer Hebrides, Scotland","JOURNAL OF BIOGEOGRAPHY","10.1046/j.1365-2699.2001.00564.x","http://doi.org/10.1046/j.1365-2699.2001.00564.x","JP","",57.3161,-7.3945,"Drimsdale, South Uist, Hebrides, Scotland","Arable","Grassland",NA,100,NA,40,NA,NA,1,NA,59,"Greenhouse",NA,NA,NA,NA,22,NA,NA,NA,NA,"3 year fallow","",NA,NA,NA,NA,NA,NA,NA,NA,NA,NA,NA,NA,NA,NA
"BEATTY, SW",1994,"COLONIZATION DYNAMICS IN A MOSAIC LANDSCAPE: THE BURIED SEED POOL","JOURNAL OF BIOGEOGRAPHY","10.2307/2845691","http://doi.org/10.2307/2845691","JP","",42.5137,-74.1468,"Edmund Niles Huyck Preserve, Rensselaereville, New York","Arable","Forest",NA,NA,90000,50,NA,NA,1,NA,20,"Greenhouse",NA,NA,NA,NA,16,187,NA,NA,4,"Seven-year old field, Invasive species","",NA,NA,NA,NA,NA,NA,NA,NA,NA,NA,NA,NA,NA,NA
"BEATTY, SW",1994,"COLONIZATION DYNAMICS IN A MOSAIC LANDSCAPE: THE BURIED SEED POOL","JOURNAL OF BIOGEOGRAPHY","10.2307/2845691","http://doi.org/10.2307/2845691","JP","",42.5137,-74.1468,"Edmund Niles Huyck Preserve, Rensselaereville, New York","Forest","Forest",NA,NA,90000,50,NA,NA,1,NA,20,"Greenhouse",NA,NA,NA,NA,11,178,NA,NA,1,"25-yr old forest","",NA,NA,NA,NA,NA,NA,NA,NA,NA,NA,NA,NA,NA,NA
"BEATTY, SW",1994,"COLONIZATION DYNAMICS IN A MOSAIC LANDSCAPE: THE BURIED SEED POOL","JOURNAL OF BIOGEOGRAPHY","10.2307/2845691","http://doi.org/10.2307/2845691","JP","",42.5137,-74.1468,"Edmund Niles Huyck Preserve, Rensselaereville, New York","Forest","Forest",NA,NA,90000,50,NA,NA,1,NA,20,"Greenhouse",NA,NA,NA,NA,8,127,NA,NA,2,"50-yr old conifer plantation","",NA,NA,NA,NA,NA,NA,NA,NA,NA,NA,NA,NA,NA,NA
"BEATTY, SW",1994,"COLONIZATION DYNAMICS IN A MOSAIC LANDSCAPE: THE BURIED SEED POOL","JOURNAL OF BIOGEOGRAPHY","10.2307/2845691","http://doi.org/10.2307/2845691","JP","",42.5137,-74.1468,"Edmund Niles Huyck Preserve, Rensselaereville, New York","Forest","",NA,NA,90000,50,NA,NA,1,NA,20,"Greenhouse",NA,NA,NA,NA,11,54,NA,NA,2,"Mature forest","",NA,NA,NA,NA,NA,NA,NA,NA,NA,NA,NA,NA,NA,NA
"Strehlow, T; DeKeyser, S; Kobiela, B",2017,"Managing Seedbank Composition to Enhance Wetland Restoration","ECOLOGICAL RESTORATION","10.3368/er.35.1.12","http://doi.org/10.3368/er.35.1.12","IK","",46.5463,-97.152,"Albert Ekre Grassland Preserve in Richland County, North Dakota, managed by North Dakota State University ","Arable","Arable",1,100,NA,50,NA,NA,1,180,NA,"Greenhouse",NA,NA,NA,83652,48,NA,NA,37,11,"Species information and seedling counts for the species collected in seedbank samples taken before and after cropping with Roundup Ready soybeans and herbicide applications ","",NA,NA,NA,NA,NA,NA,NA,NA,NA,NA,NA,NA,NA,NA
"Livingston, RB; Allessio, ML",1968,"Buried Viable Seed in Successional Field and Forest Stands, Harvard Forest, Massachusetts","BULLETIN OF THE TORREY BOTANICAL CLUB","10.2307/2483807","","JP","",42.5358,-72.1845,"Harvard forest, Massachusetts, USA","Arable","Forest",NA,102,NA,114,NA,NA,4,20,80,"Greenhouse",NA,0.5,NA,918,40,NA,NA,NA,NA,"First stages of old-field succession","",NA,NA,NA,NA,NA,NA,NA,NA,NA,NA,NA,NA,NA,NA
"Livingston, RB; Allessio, ML",1968,"Buried Viable Seed in Successional Field and Forest Stands, Harvard Forest, Massachusetts","BULLETIN OF THE TORREY BOTANICAL CLUB","10.2307/2483807","","JP","",42.5358,-72.1845,"Harvard forest, Massachusetts, USA","Forest","Forest",NA,102,NA,114,NA,NA,12,20,240,"Greenhouse",NA,0.5,NA,2556,56,NA,NA,NA,NA,"Plantations","",NA,NA,NA,NA,NA,NA,NA,NA,NA,NA,NA,NA,NA,NA
"Oosting HJ; Humphreys, ME",1940,"Buried Viable Seeds in a Successional Series of Old Field and Forest Soils","BULLETIN OF THE TORREY BOTANICAL CLUB","10.2307/2481173","","JP","",36.0185,-78.9848,"Duke Forest, North Carolina, USA","Arable","",NA,94,NA,135,NA,NA,2,20,40,"Greenhouse",NA,0.2,NA,754,36,NA,NA,NA,NA,"Arable field","",NA,NA,NA,NA,NA,NA,NA,NA,NA,NA,NA,NA,NA,NA
"Oosting HJ; Humphreys, ME",1940,"Buried Viable Seeds in a Successional Series of Old Field and Forest Soils","BULLETIN OF THE TORREY BOTANICAL CLUB","10.2307/2481173","","JP","",36.0185,-78.9848,"Duke Forest, North Carolina, USA","Arable","Forest",NA,94,NA,135,NA,NA,6,20,120,"Greenhouse",NA,0.2,NA,3398,77,NA,NA,NA,NA,"First stages of old-field succession; 2 - 15 yrs.","",NA,NA,NA,NA,NA,NA,NA,NA,NA,NA,NA,NA,NA,NA
"Oosting HJ; Humphreys, ME",1940,"Buried Viable Seeds in a Successional Series of Old Field and Forest Soils","BULLETIN OF THE TORREY BOTANICAL CLUB","10.2307/2481173","","JP","",36.0185,-78.9848,"Duke Forest, North Carolina, USA","Forest","Forest",NA,94,NA,135,NA,NA,10,20,200,"Greenhouse",NA,0.2,NA,1568,70,NA,NA,NA,NA,"Late stages of old-field succession; 33 - 102 yrs.","",NA,NA,NA,NA,NA,NA,NA,NA,NA,NA,NA,NA,NA,NA
"Oosting HJ; Humphreys, ME",1940,"Buried Viable Seeds in a Successional Series of Old Field and Forest Soils","BULLETIN OF THE TORREY BOTANICAL CLUB","10.2307/2481173","","JP","",36.0185,-78.9848,"Duke Forest, North Carolina, USA","Forest","",NA,94,NA,135,NA,NA,2,20,40,"Greenhouse",NA,0.2,NA,131,37,NA,NA,NA,NA,"Old-growth","",NA,NA,NA,NA,NA,NA,NA,NA,NA,NA,NA,NA,NA,NA
"SYMONIDES, E",1986,"SEED BANK IN OLD-FIELD SUCCESSIONAL ECOSYSTEMS","EKOLOGIA POLSKA-POLISH JOURNAL OF ECOLOGY","None","https://scholar.google.com/scholar?q=SEED+BANK+IN+OLD-FIELD+SUCCESSIONAL+ECOSYSTEMS","JP","",52.63829,23.635022,"southwestern edge of Bialowieza Primaeval forest, Poland","Arable","Forest",NA,NA,10000,145,NA,NA,1,120,NA,"Extraction",NA,NA,NA,NA,61,27673,NA,NA,NA,"Old-field succession; 4 temporal replicates; only non-damaged seeds counted; 6 yr old; habitat classes based on Symonides (1985)","",NA,NA,NA,NA,NA,NA,NA,NA,NA,NA,NA,NA,NA,NA
"SYMONIDES, E",1986,"SEED BANK IN OLD-FIELD SUCCESSIONAL ECOSYSTEMS","EKOLOGIA POLSKA-POLISH JOURNAL OF ECOLOGY","None","https://scholar.google.com/scholar?q=SEED+BANK+IN+OLD-FIELD+SUCCESSIONAL+ECOSYSTEMS","JP","",52.63829,23.635022,"southwestern edge of Bialowieza Primaeval forest, Poland","Arable","Forest",NA,NA,10000,145,NA,NA,1,120,NA,"Extraction",NA,NA,NA,NA,43,22977,NA,NA,NA,"Old-field succession; 4 temporal replicates; only non-damaged seeds counted; 10 yr old","",NA,NA,NA,NA,NA,NA,NA,NA,NA,NA,NA,NA,NA,NA
"SYMONIDES, E",1986,"SEED BANK IN OLD-FIELD SUCCESSIONAL ECOSYSTEMS","EKOLOGIA POLSKA-POLISH JOURNAL OF ECOLOGY","None","https://scholar.google.com/scholar?q=SEED+BANK+IN+OLD-FIELD+SUCCESSIONAL+ECOSYSTEMS","JP","",52.63829,23.635022,"southwestern edge of Bialowieza Primaeval forest, Poland","Arable","Forest",NA,NA,10000,145,NA,NA,1,120,NA,"Extraction",NA,NA,NA,NA,37,14390,NA,NA,NA,"Old-field succession; 4 temporal replicates; only non-damaged seeds counted; 16 yr old","",NA,NA,NA,NA,NA,NA,NA,NA,NA,NA,NA,NA,NA,NA
"SYMONIDES, E",1986,"SEED BANK IN OLD-FIELD SUCCESSIONAL ECOSYSTEMS","EKOLOGIA POLSKA-POLISH JOURNAL OF ECOLOGY","None","https://scholar.google.com/scholar?q=SEED+BANK+IN+OLD-FIELD+SUCCESSIONAL+ECOSYSTEMS","JP","",52.63829,23.635022,"southwestern edge of Bialowieza Primaeval forest, Poland","Forest","Forest",NA,NA,10000,145,NA,NA,1,120,NA,"Extraction",NA,NA,NA,NA,34,5700,NA,NA,NA,"Old-field succession; 4 temporal replicates; only non-damaged seeds counted; 26 yr old","",NA,NA,NA,NA,NA,NA,NA,NA,NA,NA,NA,NA,NA,NA
"Kondrashkina, M.I., Samsonova, V.P., Zotkina, A.V.",2012,"Changes in weed seed bank after 7-year fallow","Problemy agrohimii I ekologii","","https://elibrary.ru/item.asp?id=17856268","TE","",56.038,36.167,"Russia, Moscow oblast', Solnechnogorskiy district, Chashnikovo agrobiological station","Arable","Arable",NA,50,NA,200,NA,NA,1,10,NA,"Extraction",NA,NA,NA,NA,17,39548,NA,NA,NA,"","",NA,NA,NA,NA,NA,NA,NA,NA,NA,NA,NA,NA,NA,NA
"Kondrashkina, M.I., Samsonova, V.P., Zotkina, A.V.",2012,"Changes in weed seed bank after 7-year fallow","Problemy agrohimii I ekologii","","https://elibrary.ru/item.asp?id=17856268","TE","",56.038,36.167,"Russia, Moscow oblast', Solnechnogorskiy district, Chashnikovo agrobiological station","Grassland","Arable",NA,50,NA,200,NA,NA,1,10,NA,"Extraction",NA,NA,NA,NA,21,42910,NA,NA,NA,"","After 8 years of abandonment",NA,NA,NA,NA,NA,NA,NA,NA,NA,NA,NA,NA,NA,NA
