Authors,Year,Title,Journal,Doi,URL,Human,No.access,Lat_Deg,Lon_Deg,Location,Habitat,Target_Habitat,Experiment,Sample_Diameter_mm,Sample_Area_mm2,Sample_Depth_mm,Sample_Volume_mm3,Sample_Weight_g,Number_Sites,Samples_Per_Site,Total_Number_Samples,Method,Method_Volume_mm3,Method_Volume_Fraction,Method_Weight_g,Total_Seeds,Total_Species,Seed_density_m2,Seed_density_litre,Pos_Species,Neg_Species,Comments,Action.required,X,X.1,X.2,X.3,X.4,X.5,X.6,X.7,X.8,X.9,X.10,X.11,X.12,X.13
"Steenwerth, K; Baumgartner, K; Belina, K; Veilleux, L",2010,Vineyard Weed Seedbank Composition Responds to Glyphosate and Cultivation after Three Years,WEED SCIENCE,10.1614/WS-D-09-00043.1,http://doi.org/10.1614/WS-D-09-00043.1,AA,,38.475133,-122.314505,"Napa valley, California, USA",Arable,,1,NA,NA,NA,NA,NA,NA,NA,NA,Emergence,NA,NA,NA,NA,NA,NA,NA,NA,NA,,Emailed-,NA,NA,NA,NA,NA,NA,NA,NA,NA,NA,NA,NA,NA,NA
"Hopfensperger, KN; Leighton, GM; Fahey, TJ",2011,Influence of Invasive Earthworms on Above and Belowground Vegetation in a Northern Hardwood Forest,AMERICAN MIDLAND NATURALIST,10.1674/0003-0031-166.1.53,http://doi.org/10.1674/0003-0031-166.1.53,EL,,42.2666666666667,-76.4666666666667,"Arnot Teaching and Research Forest, Schuyler County, south-central New York, USA",Forest,,NA,50,1963.49540849362,200,392699.081698724,NA,NA,NA,66,Emergence,NA,NA,NA,272,10,NA,NA,NA,NA,,,NA,NA,NA,NA,NA,NA,NA,NA,NA,NA,NA,NA,NA,NA
"Costa, JR; Mitja, D; Fontes, JRA",2009,Weed Seed Banks in Cassava Cultivations in Central Amazon,PLANTA DANINHA,10.1590/S0100-83582009000400004,http://doi.org/10.1590/S0100-83582009000400004,EL,,-3.26666666666667,-60.55,"Family farms, Along Highway AM-070, State of Amazonas, Brazil",Arable,,NA,NA,22500,100,2250000,NA,NA,NA,104,Emergence,NA,NA,NA,NA,NA,97,NA,NA,NA,,,NA,NA,NA,NA,NA,NA,NA,NA,NA,NA,NA,NA,NA,NA
"Morita, T; Okumura, H; Abe, M; Kurashima, A; Maegawa, M",2007,"Density and distribution of seeds in bottom sediments in Zostera marina beds in Ago Bay, central Japan",AQUATIC BOTANY,10.1016/j.aquabot.2007.03.001,http://doi.org/10.1016/j.aquabot.2007.03.001,EL,,34.2833333333333,136.783333333333,"Subtidal seagrass meadows, Ago Bay, Shima Peninsula, Japan",Aquatic,,NA,NA,NA,NA,4300000,NA,NA,NA,20,Extraction,NA,NA,NA,NA,2,350,NA,NA,NA,,,NA,NA,NA,NA,NA,NA,NA,NA,NA,NA,NA,NA,NA,NA
"Lang, NL; Halpern, CB",2007,The soil seed bank of a montane meadow: consequences of conifer encroachment and implications for restoration,CANADIAN JOURNAL OF BOTANY-REVUE CANADIENNE DE BOTANIQUE,10.1139/B07-051,http://doi.org/10.1139/B07-051,EL,,44.2833333333333,-121.95,"Bunchgrass Ridge, Willamette National Forest, 1300-13500 m altitude",Grassland,,NA,60,2827.43338823081,100,282743.338823081,NA,NA,NA,627,Emergence,NA,NA,NA,4130,44,2332,NA,NA,NA,,,NA,NA,NA,NA,NA,NA,NA,NA,NA,NA,NA,NA,NA,NA
"Naumann, JC; Young, DR",2007,Relationship between community structure and seed bank to describe successional dynamics of an Atlantic Coast maritime forest,JOURNAL OF THE TORREY BOTANICAL SOCIETY,10.3159/1095-5674(2007)134[89:RBCSAS]2.0.CO;2,http://doi.org/10.3159/1095-5674(2007)134[89:RBCSAS]2.0.CO;2,EL,,37.3166666666667,-76,"Savage Neck Dunes Natural Area Preserve, southwest portion of Eastern shore, Virginia",Forest,,NA,NA,250000,80,2.00E+07,NA,NA,NA,20,Emergence,NA,NA,NA,NA,43,1.9,NA,NA,NA,,,NA,NA,NA,NA,NA,NA,NA,NA,NA,NA,NA,NA,NA,NA
"Wang, YC; Ooi, MKJ; Ren, GH; Jiang, DM; Musa, A; Miao, RH; Li, XH; Zhou, QL; Tang, J; Lin, JX",2015,"Species shifts in above-ground vegetation and the soil seed bank in the inter-dune lowlands of an active dune field in Inner Mongolia, China",BASIC AND APPLIED ECOLOGY,10.1016/j.baae.2015.04.010,http://doi.org/10.1016/j.baae.2015.04.010,EL,,43.841605,119.844219,"Wulanaodu region, south-western Horqin Sandy Land, Inner Mongolia, China",Grassland,,NA,70,3848.4510006475,100,384845.10006475,NA,NA,NA,366,Emergence,NA,NA,NA,6801,30,9570,NA,NA,NA,,,NA,NA,NA,NA,NA,NA,NA,NA,NA,NA,NA,NA,NA,NA
"Vila, M; Gimeno, I",2007,Does invasion by an alien plant species affect the soil seed bank?,JOURNAL OF VEGETATION SCIENCE,10.1658/1100-9233(2007)18[423:DIBAAP]2.0.CO;2,http://doi.org/10.1658/1100-9233(2007)18[423:DIBAAP]2.0.CO;2,EL,,40.028466,4.001679,"Menorca, Balearic Islands",Grassland,,NA,NA,NA,NA,NA,NA,NA,NA,480,Emergence,NA,NA,500,NA,104,NA,NA,NA,NA,,,NA,NA,NA,NA,NA,NA,NA,NA,NA,NA,NA,NA,NA,NA
"Makarian, H; Mohassel, MHR; Bannayan, M; Nassiri, M",2007,Soil seed bank and seedling populations of Hordeum murinum and Cardaria draba in saffron fields,AGRICULTURE ECOSYSTEMS & ENVIRONMENT,10.1016/j.agee.2006.10.020,http://doi.org/10.1016/j.agee.2006.10.020,EL,,33.859935,57.440901,"Boshrooyeh region in southern Khorasan, Iran",Arable,,NA,50,1963.49540849362,75,147262.155637022,NA,NA,NA,144,Extraction,NA,NA,NA,NA,NA,778,NA,NA,NA,,,NA,NA,NA,NA,NA,NA,NA,NA,NA,NA,NA,NA,NA,NA
"Saayman, N; Morris, CD; Hardy, MB; Botha, JC",2009,"Can brush-cutting of Pteronia paniculata improve the composition and productivity of veld in the Succulent Karoo, South Africa?",AFRICAN JOURNAL OF RANGE & FORAGE SCIENCE,10.2989/AJRF.2009.26.3.9.954,http://doi.org/10.2989/AJRF.2009.26.3.9.954,JP,,-33.8333333333333,20.6666666666667,"Kleinvlakte farm, Barrydale, South Africa",Grassland,Grassland,1,NA,34500,20,690000,NA,NA,NA,NA,Emergence,NA,NA,NA,NA,24,NA,NA,NA,NA,Experiment of removal of invasive species,Help figure out sampling parameters!,NA,NA,NA,NA,NA,NA,NA,NA,NA,NA,NA,NA,NA,NA
"HOPKINS, MS; GRAHAM, AW",1984,VIABLE SOIL SEED BANKS IN DISTURBED LOWLAND TROPICAL RAINFOREST SITES IN NORTH QUEENSLAND,AUSTRALIAN JOURNAL OF ECOLOGY,10.1111/j.1442-9993.1984.tb01345.x,http://doi.org/10.1111/j.1442-9993.1984.tb01345.x,JP,,-17.75,146.083333333333,,Forest,Forest,NA,NA,125000,NA,NA,NA,NA,NA,4,Emergence,NA,NA,NA,NA,30,592,NA,NA,NA,Only intact forest species richness reliably extractable,,NA,NA,NA,NA,NA,NA,NA,NA,NA,NA,NA,NA,NA,NA
"Olmsted, MW; Curtis JD",1940,Seeds on the forest floor,Ecology,,,JP,,44.9333333333333,-68.6666666666667,"northern Maine, USA",Forest,,NA,NA,92903,NA,NA,NA,NA,NA,28,Extraction,NA,NA,NA,2242,27,NA,NA,NA,NA,May include non-viable seeds,,NA,NA,NA,NA,NA,NA,NA,NA,NA,NA,NA,NA,NA,NA
"Eiszner, H; Salazar, D; Pohlan, J",1996,The effect of crop rotation and weed control on the weed seed bank in the soil,TROPENLANDWIRT,None,https://scholar.google.com/scholar?q=The+effect+of+crop+rotation+and+weed+control+on+the+weed+seed+bank+in+the+soil,JP,,12.15,-86.1666666666667,"Las Mercedes experimental farm, north of Managua, Nicaragua",Arable,,NA,70,3848.4510006475,250,962000,NA,NA,NA,NA,Emergence,NA,0.42,NA,NA,NA,NA,NA,NA,NA,,Finish,NA,NA,NA,NA,NA,NA,NA,NA,NA,NA,NA,NA,NA,NA
"SCHNEIDER, U; KEHL, H",1987,SEEDBANK AND VEGETATION RELEVES OF EAST-MEDITERRANEAN THEROPHYTE STANDS IN COMPARISON,FLORA,None,https://scholar.google.com/scholar?q=SEEDBANK+AND+VEGETATION+RELEVES+OF+EAST-MEDITERRANEAN+THEROPHYTE+STANDS+IN+COMPARISON,JP,,36.58,30.34,"Nerbiler, Antalya, Turkey",Grassland,,NA,NA,NA,NA,NA,NA,NA,NA,NA,Emergence,NA,NA,NA,1714,83,NA,NA,NA,NA,,,NA,NA,NA,NA,NA,NA,NA,NA,NA,NA,NA,NA,NA,NA
"Arriaga, L; Mercado, C",2004,Seed bank dynamics and tree-fall gaps in a northwestern Mexican Quercus-Pinus forest,JOURNAL OF VEGETATION SCIENCE,10.1111/j.1654-1103.2004.tb02308.x,http://doi.org/10.1111/j.1654-1103.2004.tb02308.x,ML,,23.5166666666667,-109.916666666667,,Forest,,NA,NA,62500,100,6250000,NA,NA,NA,182,Emergence,NA,NA,NA,1672,13,NA,NA,NA,NA,,,NA,NA,NA,NA,NA,NA,NA,NA,NA,NA,NA,NA,NA,NA
"Peralta, AML; Sanchez, AM; Luzuriaga, AL; Escudero, A",2016,Factors driving species assemblage in Mediterranean soil seed banks: from the large to the fine scale,ANNALS OF BOTANY,10.1093/aob/mcw039,http://doi.org/10.1093/aob/mcw039,ML,,40.033,-3.6167,,Grassland,,NA,30,706.858347057703,30,21205.7504117311,NA,NA,NA,747,Emergence,NA,NA,NA,13766,52,NA,NA,NA,NA,,,NA,NA,NA,NA,NA,NA,NA,NA,NA,NA,NA,NA,NA,NA
"Li, YY; Dong, SK; Wen, L; Wang, XX; Wu, Y",2012,Soil seed banks in degraded and revegetated grasslands in the alpine region of the Qinghai-Tibetan Plateau,ECOLOGICAL ENGINEERING,10.1016/j.ecoleng.2012.08.022,http://doi.org/10.1016/j.ecoleng.2012.08.022,ML,,34.46972,100.210833,,Grassland,,NA,35,962.112750161874,200,192422.550032375,NA,NA,NA,200,Emergence,NA,NA,NA,NA,8,160,NA,NA,NA,,,NA,NA,NA,NA,NA,NA,NA,NA,NA,NA,NA,NA,NA,NA
"Li, YY; Dong, SK; Wen, L; Wang, XX; Wu, Y",2012,Soil seed banks in degraded and revegetated grasslands in the alpine region of the Qinghai-Tibetan Plateau,ECOLOGICAL ENGINEERING,10.1016/j.ecoleng.2012.08.022,http://doi.org/10.1016/j.ecoleng.2012.08.022,ML,,34.46972,100.210833,,Grassland,Grassland,NA,35,962.112750161874,200,192422.550032375,NA,NA,NA,200,Emergence,NA,NA,NA,NA,6,125,NA,NA,NA,,,NA,NA,NA,NA,NA,NA,NA,NA,NA,NA,NA,NA,NA,NA
"Li, YY; Dong, SK; Wen, L; Wang, XX; Wu, Y",2012,Soil seed banks in degraded and revegetated grasslands in the alpine region of the Qinghai-Tibetan Plateau,ECOLOGICAL ENGINEERING,10.1016/j.ecoleng.2012.08.022,http://doi.org/10.1016/j.ecoleng.2012.08.022,ML,,34.46972,100.210833,,Grassland,Grassland,NA,35,962.112750161874,200,192422.550032375,NA,NA,NA,200,Emergence,NA,NA,NA,NA,6,80,NA,NA,NA,,,NA,NA,NA,NA,NA,NA,NA,NA,NA,NA,NA,NA,NA,NA
"Li, YY; Dong, SK; Wen, L; Wang, XX; Wu, Y",2012,Soil seed banks in degraded and revegetated grasslands in the alpine region of the Qinghai-Tibetan Plateau,ECOLOGICAL ENGINEERING,10.1016/j.ecoleng.2012.08.022,http://doi.org/10.1016/j.ecoleng.2012.08.022,ML,,34.46972,100.210833,,Grassland,Grassland,NA,35,962.112750161874,200,192422.550032375,NA,NA,NA,200,Emergence,NA,NA,NA,NA,6,70,NA,NA,NA,,,NA,NA,NA,NA,NA,NA,NA,NA,NA,NA,NA,NA,NA,NA
"Li, YY; Dong, SK; Wen, L; Wang, XX; Wu, Y",2012,Soil seed banks in degraded and revegetated grasslands in the alpine region of the Qinghai-Tibetan Plateau,ECOLOGICAL ENGINEERING,10.1016/j.ecoleng.2012.08.022,http://doi.org/10.1016/j.ecoleng.2012.08.022,ML,,34.46972,100.210833,,Grassland,Grassland,NA,35,962.112750161874,200,192422.550032375,NA,NA,NA,200,Emergence,NA,NA,NA,NA,5,64,NA,NA,NA,,,NA,NA,NA,NA,NA,NA,NA,NA,NA,NA,NA,NA,NA,NA
"Li, YY; Dong, SK; Wen, L; Wang, XX; Wu, Y",2012,Soil seed banks in degraded and revegetated grasslands in the alpine region of the Qinghai-Tibetan Plateau,ECOLOGICAL ENGINEERING,10.1016/j.ecoleng.2012.08.022,http://doi.org/10.1016/j.ecoleng.2012.08.022,ML,,34.46972,100.210833,,Grassland,Grassland,NA,35,962.112750161874,200,192422.550032375,NA,NA,NA,200,Emergence,NA,NA,NA,NA,6,65,NA,NA,NA,,,NA,NA,NA,NA,NA,NA,NA,NA,NA,NA,NA,NA,NA,NA
"Li, YY; Dong, SK; Wen, L; Wang, XX; Wu, Y",2012,Soil seed banks in degraded and revegetated grasslands in the alpine region of the Qinghai-Tibetan Plateau,ECOLOGICAL ENGINEERING,10.1016/j.ecoleng.2012.08.022,http://doi.org/10.1016/j.ecoleng.2012.08.022,ML,,34.46972,100.210833,,Grassland,Grassland,NA,35,962.112750161874,200,192422.550032375,NA,NA,NA,200,Emergence,NA,NA,NA,NA,7,90,NA,NA,NA,,,NA,NA,NA,NA,NA,NA,NA,NA,NA,NA,NA,NA,NA,NA
"Langhans, TM; Storm, C; Schwabe, A",2010,"Regeneration processes of biological soil crusts, macro-cryptogams and vascular plant species after fine-scale disturbance in a temperate region: Recolonization or successional replacement?",FLORA,10.1016/j.flora.2008.12.001,http://doi.org/10.1016/j.flora.2008.12.001,MP,,49.85,8.58333333333333,northern Upper Rhine Valley in southwestern German,Grassland,Grassland,NA,NA,10000,12.5,125000,NA,NA,NA,30,Emergence,NA,NA,NA,NA,22,4935,NA,NA,NA,depth between 1 and 1.5cm. Samples on crust layers removed for experiment,,NA,NA,NA,NA,NA,NA,NA,NA,NA,NA,NA,NA,NA,NA
"Matus, G; Verhagen, R; Bekker, RM; Grootjans, AP",2003,Restoration of the Cirsio dissecti-Molinietum in The Netherlands: Can we rely on soil seed banks?,APPLIED VEGETATION SCIENCE,10.1658/1402-2001(2003)006[0073:ROTCDI]2.0.CO;2,http://doi.org/10.1658/1402-2001(2003)006[0073:ROTCDI]2.0.CO;2,MP,,53.0333333333333,6.16666666666667,"Wijnjeterperschar, Northern Nederlands",Grassland,Grassland,NA,40,1256.63706143592,100,125663.706143592,NA,NA,NA,100,Emergence,NA,NA,NA,8948,40,NA,NA,NA,NA,fen meadows,,NA,NA,NA,NA,NA,NA,NA,NA,NA,NA,NA,NA,NA,NA
"Matus, G; Verhagen, R; Bekker, RM; Grootjans, AP",2003,Restoration of the Cirsio dissecti-Molinietum in The Netherlands: Can we rely on soil seed banks?,APPLIED VEGETATION SCIENCE,10.1658/1402-2001(2003)006[0073:ROTCDI]2.0.CO;2,http://doi.org/10.1658/1402-2001(2003)006[0073:ROTCDI]2.0.CO;2,MP,,53.1166666666667,5.91666666666667,"Ule Krite, Northern Nederlands",Grassland,Grassland,NA,40,1256.63706143592,100,125663.706143592,NA,NA,NA,90,Emergence,NA,NA,NA,17512,33,140000,NA,NA,NA,fen meadows,,NA,NA,NA,NA,NA,NA,NA,NA,NA,NA,NA,NA,NA,NA
"Matus, G; Verhagen, R; Bekker, RM; Grootjans, AP",2003,Restoration of the Cirsio dissecti-Molinietum in The Netherlands: Can we rely on soil seed banks?,APPLIED VEGETATION SCIENCE,10.1658/1402-2001(2003)006[0073:ROTCDI]2.0.CO;2,http://doi.org/10.1658/1402-2001(2003)006[0073:ROTCDI]2.0.CO;2,MP,,53.1166666666667,5.91666666666667,"Wyldlannen, Northern Nederlands",Grassland,Grassland,NA,40,1256.63706143592,100,125663.706143592,NA,NA,NA,100,Emergence,NA,NA,NA,3208,21,25000,NA,NA,NA,fen meadows,,NA,NA,NA,NA,NA,NA,NA,NA,NA,NA,NA,NA,NA,NA
"Matus, G; Verhagen, R; Bekker, RM; Grootjans, AP",2003,Restoration of the Cirsio dissecti-Molinietum in The Netherlands: Can we rely on soil seed banks?,APPLIED VEGETATION SCIENCE,10.1658/1402-2001(2003)006[0073:ROTCDI]2.0.CO;2,http://doi.org/10.1658/1402-2001(2003)006[0073:ROTCDI]2.0.CO;2,MP,,53.0166666666667,6.68333333333333,"Eexterveld, Northern Nederlands",Grassland,Grassland,NA,40,1256.63706143592,100,125663.706143592,NA,NA,NA,100,Emergence,NA,NA,NA,8194,35,NA,NA,NA,NA,fen meadows,,NA,NA,NA,NA,NA,NA,NA,NA,NA,NA,NA,NA,NA,NA
"Marone, L; Rossi, BE; Horno, ME",1998,Timing and spatial patterning of seed dispersal and redistribution in a South American warm desert,PLANT ECOLOGY,10.1023/A:1009776601012,http://doi.org/10.1023/A:1009776601012,MP,,-34.0333333333333,-67.9666666666667,"Reserve of Ñacuñán, Mendoza Province, Argentina",Grassland,,NA,32,804.247719318987,20,16084.9543863797,NA,NA,NA,84,Extraction,NA,NA,NA,NA,19,9387.5,NA,NA,NA,,,NA,NA,NA,NA,NA,NA,NA,NA,NA,NA,NA,NA,NA,NA
"Marone, L; Rossi, BE; Horno, ME",1998,Timing and spatial patterning of seed dispersal and redistribution in a South American warm desert,PLANT ECOLOGY,10.1023/A:1009776601012,http://doi.org/10.1023/A:1009776601012,MP,,-34.0333333333333,-67.9666666666667,"Reserve of Ñacuñán, Mendoza Province, Argentina",Grassland,,NA,32,804.247719318987,60,48254.8631591392,NA,NA,NA,14,Extraction,NA,NA,NA,318,15,NA,NA,NA,NA,,,NA,NA,NA,NA,NA,NA,NA,NA,NA,NA,NA,NA,NA,NA
"Erkkila, HMJB",1998,Effect of different treatments on the seed bank of grazed and ungrazed Baltic seashore meadows,CANADIAN JOURNAL OF BOTANY-REVUE CANADIENNE DE BOTANIQUE,10.1139/b98-102,http://doi.org/10.1139/b98-102,MP,,61.5166666666667,21.5666666666667,"west coast of Finland, near the town of Pori",Grassland,,NA,32,804.247719318987,100,80424.7719318987,NA,NA,NA,21,Emergence,NA,NA,NA,1782,12,NA,NA,NA,NA,"seashore meadow, some species were unidentified",,NA,NA,NA,NA,NA,NA,NA,NA,NA,NA,NA,NA,NA,NA
"Erkkila, HMJB",1998,Effect of different treatments on the seed bank of grazed and ungrazed Baltic seashore meadows,CANADIAN JOURNAL OF BOTANY-REVUE CANADIENNE DE BOTANIQUE,10.1139/b98-102,http://doi.org/10.1139/b98-102,MP,,61.5166666666667,21.5666666666667,"west coast of Finland, near the town of Pori",Grassland,,NA,48,1809.55736846772,100,180955.736846772,NA,NA,NA,35,Emergence,NA,0.5,NA,1572,11,NA,NA,NA,NA,"seashore meadow, some species were unidentified",,NA,NA,NA,NA,NA,NA,NA,NA,NA,NA,NA,NA,NA,NA
"Kurova, J",2016,The impact of soil properties and forest stand age on the soil seed bank,FOLIA GEOBOTANICA,10.1007/s12224-016-9236-1,http://doi.org/10.1007/s12224-016-9236-1,NSH,,48.8,16.8,Czech Republic,Forest,,NA,NA,20000,100,2.00E+06,NA,NA,NA,97,Extraction,NA,NA,97000,14340,94,NA,NA,NA,NA,,,NA,NA,NA,NA,NA,NA,NA,NA,NA,NA,NA,NA,NA,NA
"Ovcharova, N.V., Terehina, T.A.",NA,Soil seed bank fallow communities of the Altai territory,Privolzhskyi nauchnyi vestnik,,https://www.elibrary.ru/item.asp?id=21789183,TE,,53,85,"Russia, Altaiskii krai, lowland part of right bank of Ob' river valley",Grassland,Grassland,NA,NA,NA,50,250000,NA,NA,NA,NA,Extraction,NA,NA,NA,NA,19,NA,NA,NA,NA,,,NA,NA,NA,NA,NA,NA,NA,NA,NA,NA,NA,NA,NA,NA
"Ovcharova, N.V., Terehina, T.A.",NA,Soil seed bank fallow communities of the Altai territory,Privolzhskyi nauchnyi vestnik,,https://www.elibrary.ru/item.asp?id=21789183,TE,,53,85,"Russia, Altaiskii krai, lowland part of right bank of Ob' river valley",Grassland,Grassland,NA,NA,NA,50,250000,NA,NA,NA,NA,Extraction,NA,NA,NA,NA,19,NA,NA,NA,NA,,,NA,NA,NA,NA,NA,NA,NA,NA,NA,NA,NA,NA,NA,NA
"Ovcharova, N.V., Terehina, T.A.",NA,Soil seed bank fallow communities of the Altai territory,Privolzhskyi nauchnyi vestnik,,https://www.elibrary.ru/item.asp?id=21789183,TE,,53,85,"Russia, Altaiskii krai, lowland part of right bank of Ob' river valley",Grassland,Grassland,NA,NA,NA,50,250000,NA,NA,NA,NA,Extraction,NA,NA,NA,NA,26,NA,NA,NA,NA,,,NA,NA,NA,NA,NA,NA,NA,NA,NA,NA,NA,NA,NA,NA
"Ovcharova, N.V., Terehina, T.A.",NA,Soil seed bank fallow communities of the Altai territory,Privolzhskyi nauchnyi vestnik,,https://www.elibrary.ru/item.asp?id=21789183,TE,,53,85,"Russia, Altaiskii krai, lowland part of right bank of Ob' river valley",Grassland,Grassland,NA,NA,NA,50,250000,NA,NA,NA,NA,Extraction,NA,NA,NA,NA,46,NA,NA,NA,NA,,,NA,NA,NA,NA,NA,NA,NA,NA,NA,NA,NA,NA,NA,NA
"Krylova, EG; Tikhonov, AV; Ivanova, ES",2018,The zone of temporary flooding of small rivers as an area of increased floristic diversity,BIOSYSTEMS DIVERSITY,10.15421/011805,http://doi.org/10.15421/011805,TE,,57.54,38.28,"Russia, Yaroslavl' oblast, river Korozhechna",Wetland,,NA,48,1809.55736846772,100,180955.736846772,NA,NA,NA,32,Extraction,NA,NA,NA,162,25,NA,NA,NA,NA,,Translation into English,NA,NA,NA,NA,NA,NA,NA,NA,NA,NA,NA,NA,NA,NA
"Krylova, EG; Tikhonov, AV; Ivanova, ES",2018,The zone of temporary flooding of small rivers as an area of increased floristic diversity,BIOSYSTEMS DIVERSITY,10.15421/011805,http://doi.org/10.15421/011805,TE,,58.004,38.229,"Russia, Yaroslavl' oblast, river Ild",Wetland,,NA,48,1809.55736846772,100,180955.736846772,NA,NA,NA,32,Extraction,NA,NA,NA,339,30,NA,NA,NA,NA,,,NA,NA,NA,NA,NA,NA,NA,NA,NA,NA,NA,NA,NA,NA
"Dombrovskaya, S.",2020,"Species composition, seed productivity of plants and potential seed stocks in meadow phytocenoses",Nauchnyi vestnik GOU LNR “Luganskyi natsionalnyi agrarnyi universitet”,,https://elibrary.ru/item.asp?id=42897575,TE,,48.348,39.383,"Ukraine, Lugansk region, “Ivanovka” biological station of Lugansk Taras Shevchenko national university",Grassland,,NA,NA,NA,100,NA,NA,NA,NA,NA,Extraction,NA,NA,NA,NA,58,38888,NA,NA,12,Grazing,,NA,NA,NA,NA,NA,NA,NA,NA,NA,NA,NA,NA,NA,NA
"Dombrovskaya, S.",2020,"Species composition, seed productivity of plants and potential seed stocks in meadow phytocenoses",Nauchnyi vestnik GOU LNR “Luganskyi natsionalnyi agrarnyi universitet”,,https://elibrary.ru/item.asp?id=42897575,TE,,48.348,39.383,"Ukraine, Lugansk region, “Ivanovka” biological station of Lugansk Taras Shevchenko national university",Grassland,,NA,NA,NA,100,NA,NA,NA,NA,NA,Extraction,NA,NA,NA,NA,39,20000,NA,NA,7,Hayfield,,NA,NA,NA,NA,NA,NA,NA,NA,NA,NA,NA,NA,NA,NA
"Torgashkova, O.N.",2016,Soil seed bank of some forest communities tracts Zastenny of the Kalinin district,"Bioraznoobrazie I antropogennaya transformatsia prirodnykh ecosystem. Materialy Vserossiiskoi nauch-practicheskoi konferentsii, posvyatcshennoi pamyati A.I.Zolotukhina",,https://elibrary.ru/item.asp?id=26573475,TE,,51.61,44.383,"Russia, Saratov oblast', Kalinin district, Akhtuba village, tract Zastenny",Forest,,NA,NA,NA,NA,NA,NA,NA,NA,NA,Emergence,NA,NA,NA,NA,10,11500,NA,NA,NA,,,NA,NA,NA,NA,NA,NA,NA,NA,NA,NA,NA,NA,NA,NA
"Torgashkova, O.N.",2016,Soil seed bank of some forest communities tracts Zastenny of the Kalinin district,"Bioraznoobrazie I antropogennaya transformatsia prirodnykh ecosystem. Materialy Vserossiiskoi nauch-practicheskoi konferentsii, posvyatcshennoi pamyati A.I.Zolotukhina",,https://elibrary.ru/item.asp?id=26573475,TE,,51.61,44.383,"Russia, Saratov oblast', Kalinin district, Akhtuba village, tract Zastenny",Forest,,NA,NA,NA,NA,NA,NA,NA,NA,NA,Emergence,NA,NA,NA,NA,NA,20900,NA,NA,NA,,,NA,NA,NA,NA,NA,NA,NA,NA,NA,NA,NA,NA,NA,NA
"Torgashkova, O.N.",2003,Main patterns of formation and realization of seed bank in forests of Saratovskoye Pravoberezh'e,Byulleten' Botanicheskogo sada Saratovskogo gosudarstvennogo universiteta,,https://www.elibrary.ru/item.asp?id=24333643,TE,,51.426,46.032,"Russia, Saratov oblast', Right side of Volga river, (Pravoberezh'ye)",Forest,,NA,NA,NA,250,NA,NA,NA,NA,NA,Emergence,NA,NA,NA,NA,10,20900,NA,NA,NA,,,NA,NA,NA,NA,NA,NA,NA,NA,NA,NA,NA,NA,NA,NA
"Torgashkova, O.N.",2003,Main patterns of formation and realization of seed bank in forests of Saratovskoye Pravoberezh'e,Byulleten' Botanicheskogo sada Saratovskogo gosudarstvennogo universiteta,,https://www.elibrary.ru/item.asp?id=24333643,TE,,51.426,46.032,"Russia, Saratov oblast', Right side of Volga river, (Pravoberezh'ye)",Forest,,NA,NA,NA,250,NA,NA,NA,NA,NA,Emergence,NA,NA,NA,NA,39,8024,NA,NA,NA,,,NA,NA,NA,NA,NA,NA,NA,NA,NA,NA,NA,NA,NA,NA
"Torgashkova, O.N.",2003,Main patterns of formation and realization of seed bank in forests of Saratovskoye Pravoberezh'e,Byulleten' Botanicheskogo sada Saratovskogo gosudarstvennogo universiteta,,https://www.elibrary.ru/item.asp?id=24333643,TE,,51.426,46.032,"Russia, Saratov oblast', Right side of Volga river, (Pravoberezh'ye)",Forest,,NA,NA,NA,250,NA,NA,NA,NA,NA,Emergence,NA,NA,NA,NA,16,4133,NA,NA,NA,,,NA,NA,NA,NA,NA,NA,NA,NA,NA,NA,NA,NA,NA,NA
"Torgashkova, O.N.",2003,Main patterns of formation and realization of seed bank in forests of Saratovskoye Pravoberezh'e,Byulleten' Botanicheskogo sada Saratovskogo gosudarstvennogo universiteta,,https://www.elibrary.ru/item.asp?id=24333643,TE,,51.426,46.032,"Russia, Saratov oblast', Right side of Volga river, (Pravoberezh'ye)",Forest,,NA,NA,NA,250,NA,NA,NA,NA,NA,Emergence,NA,NA,NA,NA,22,13800,NA,NA,NA,,,NA,NA,NA,NA,NA,NA,NA,NA,NA,NA,NA,NA,NA,NA
"Torgashkova, O.N.",2003,Main patterns of formation and realization of seed bank in forests of Saratovskoye Pravoberezh'e,Byulleten' Botanicheskogo sada Saratovskogo gosudarstvennogo universiteta,,https://www.elibrary.ru/item.asp?id=24333643,TE,,51.426,46.032,"Russia, Saratov oblast', Right side of Volga river, (Pravoberezh'ye)",Forest,,NA,NA,NA,250,NA,NA,NA,NA,NA,Emergence,NA,NA,NA,NA,31,1539,NA,NA,NA,,,NA,NA,NA,NA,NA,NA,NA,NA,NA,NA,NA,NA,NA,NA
"Torgashkova, O.N.",2003,Main patterns of formation and realization of seed bank in forests of Saratovskoye Pravoberezh'e,Byulleten' Botanicheskogo sada Saratovskogo gosudarstvennogo universiteta,,https://www.elibrary.ru/item.asp?id=24333643,TE,,51.426,46.032,"Russia, Saratov oblast', Right side of Volga river, (Pravoberezh'ye)",Forest,,NA,NA,NA,250,NA,NA,NA,NA,NA,Emergence,NA,NA,NA,NA,NA,3045,NA,NA,NA,,,NA,NA,NA,NA,NA,NA,NA,NA,NA,NA,NA,NA,NA,NA
"Torgashkova, O.N.",2003,Main patterns of formation and realization of seed bank in forests of Saratovskoye Pravoberezh'e,Byulleten' Botanicheskogo sada Saratovskogo gosudarstvennogo universiteta,,https://www.elibrary.ru/item.asp?id=24333643,TE,,51.426,46.032,"Russia, Saratov oblast', Right side of Volga river, (Pravoberezh'ye)",Forest,,NA,NA,NA,250,NA,NA,NA,NA,NA,Emergence,NA,NA,NA,NA,8,9696,NA,NA,NA,,,NA,NA,NA,NA,NA,NA,NA,NA,NA,NA,NA,NA,NA,NA
"Torgashkova, O.N.",2003,Main patterns of formation and realization of seed bank in forests of Saratovskoye Pravoberezh'e,Byulleten' Botanicheskogo sada Saratovskogo gosudarstvennogo universiteta,,https://www.elibrary.ru/item.asp?id=24333643,TE,,51.426,46.032,"Russia, Saratov oblast', Right side of Volga river, (Pravoberezh'ye)",Forest,,NA,NA,NA,250,NA,NA,NA,NA,NA,Emergence,NA,NA,NA,NA,NA,7800,NA,NA,NA,,,NA,NA,NA,NA,NA,NA,NA,NA,NA,NA,NA,NA,NA,NA
"Torgashkova, O.N.",2003,Main patterns of formation and realization of seed bank in forests of Saratovskoye Pravoberezh'e,Byulleten' Botanicheskogo sada Saratovskogo gosudarstvennogo universiteta,,https://www.elibrary.ru/item.asp?id=24333643,TE,,51.426,46.032,"Russia, Saratov oblast', Right side of Volga river, (Pravoberezh'ye)",Forest,,NA,NA,NA,250,NA,NA,NA,NA,NA,Emergence,NA,NA,NA,NA,3,1400,NA,NA,NA,,,NA,NA,NA,NA,NA,NA,NA,NA,NA,NA,NA,NA,NA,NA
"Torgashkova, O.N.",2003,Main patterns of formation and realization of seed bank in forests of Saratovskoye Pravoberezh'e,Byulleten' Botanicheskogo sada Saratovskogo gosudarstvennogo universiteta,,https://www.elibrary.ru/item.asp?id=24333643,TE,,51.426,46.032,"Russia, Saratov oblast', Right side of Volga river, (Pravoberezh'ye)",Forest,,NA,NA,NA,250,NA,NA,NA,NA,NA,Emergence,NA,NA,NA,NA,1,100,NA,NA,NA,,,NA,NA,NA,NA,NA,NA,NA,NA,NA,NA,NA,NA,NA,NA
"Torgashkova, O.N., Mashkova, L.P., Ushakova, Yu.V.",2008,Bank of seeds in soils of some floodplain forest communities in Volga river valley,Byulleten' Botanicheskogo sada Saratovskogo gosudarstvennogo universiteta,,https://www.elibrary.ru/item.asp?id=28781139,TE,,51.586,46.17,"Russia, Saratov oblast', Saratov district, 2 km S Pristannoye village",Forest,,NA,NA,NA,100,NA,NA,NA,NA,NA,Emergence,NA,NA,NA,NA,2,10800,NA,NA,NA,,,NA,NA,NA,NA,NA,NA,NA,NA,NA,NA,NA,NA,NA,NA
"Torgashkova, O.N., Mashkova, L.P., Ushakova, Yu.V.",2008,Bank of seeds in soils of some floodplain forest communities in Volga river valley,Byulleten' Botanicheskogo sada Saratovskogo gosudarstvennogo universiteta,,https://www.elibrary.ru/item.asp?id=28781139,TE,,51.586,46.17,"Russia, Saratov oblast', Saratov district, 2 km S Pristannoye village",Forest,,NA,NA,NA,100,NA,NA,NA,NA,NA,Emergence,NA,NA,NA,NA,NA,4800,NA,NA,NA,,,NA,NA,NA,NA,NA,NA,NA,NA,NA,NA,NA,NA,NA,NA
"Torgashkova, O.N., Mashkova, L.P., Ushakova, Yu.V.",2008,Bank of seeds in soils of some floodplain forest communities in Volga river valley,Byulleten' Botanicheskogo sada Saratovskogo gosudarstvennogo universiteta,,https://www.elibrary.ru/item.asp?id=28781139,TE,,51.586,46.17,"Russia, Saratov oblast', Saratov district, 2 km S Pristannoye village",Forest,,NA,NA,NA,100,NA,NA,NA,NA,NA,Emergence,NA,NA,NA,NA,NA,13600,NA,NA,NA,,,NA,NA,NA,NA,NA,NA,NA,NA,NA,NA,NA,NA,NA,NA
"Torgashkova, O.N., Mashkova, L.P., Ushakova, Yu.V.",2008,Bank of seeds in soils of some floodplain forest communities in Volga river valley,Byulleten' Botanicheskogo sada Saratovskogo gosudarstvennogo universiteta,,https://www.elibrary.ru/item.asp?id=28781139,TE,,51.586,46.17,"Russia, Saratov oblast', Saratov district, 2 km S Pristannoye village",Forest,,NA,NA,NA,100,NA,NA,NA,NA,NA,Emergence,NA,NA,NA,NA,NA,7800,NA,NA,NA,,,NA,NA,NA,NA,NA,NA,NA,NA,NA,NA,NA,NA,NA,NA
Albitskaya M.A.,1965,Contamination of the soil of the artificially planted Quercus and Robinia stands in the zone of the ordinarychernozem of the Ukrainian S.S.R. (Comissarovskiy forest),Botanicheskii zhurnal,None,,VO,,48.4333333333333,33.9,"Ukraine, Dnepropetrovsk oblast', 15 km near Erastovka railway station",Forest,,NA,NA,NA,NA,6500,NA,NA,NA,NA,Extraction,NA,NA,NA,NA,19,9019,NA,NA,NA,,,NA,NA,NA,NA,NA,NA,NA,NA,NA,NA,NA,NA,NA,NA
Dzhalilova A.O.,1969,Influence of different management on seed reproduction of meadow species,Problemy botaniki,None,,VO,,60.8333333333333,30.25,"Russia, Leningrad oblast', Priozersk district, station “Otradnoe” of Komarov Batanical Institute",Grassland,,NA,NA,NA,NA,800,NA,NA,NA,NA,Extraction,NA,NA,NA,NA,5,21568.75,NA,NA,NA,,,NA,NA,NA,NA,NA,NA,NA,NA,NA,NA,NA,NA,NA,NA
Dzhalilova A.O.,1970,Propagation and establishment of main components of grass-forb meadow,"Transactions Botanicheskii Institut AN USSR, ser. III, issue 18",None,,VO,,60.8333333333333,30.25,"Russia, Leningrad oblast', Priozersk district, station “Otradnoe” of Komarov Batanical Institute",Grassland,,NA,NA,NA,50,NA,NA,NA,NA,NA,Emergence,NA,NA,NA,NA,27,16825,NA,NA,NA,,,NA,NA,NA,NA,NA,NA,NA,NA,NA,NA,NA,NA,NA,NA
Dzhalilova A.O.,1970,Propagation and establishment of main components of grass-forb meadow,"Transactions Botanicheskii Institut AN USSR, ser. III, issue 18",None,,VO,,60.8333333333333,30.25,"Russia, Leningrad oblast', Priozersk district, station “Otradnoe” of Komarov Batanical Institute",Grassland,,NA,NA,NA,50,NA,NA,NA,NA,NA,Emergence,NA,NA,NA,NA,27,20875,NA,NA,NA,,,NA,NA,NA,NA,NA,NA,NA,NA,NA,NA,NA,NA,NA,NA
Dzhalilova A.O.,1970,Propagation and establishment of main components of grass-forb meadow,"Transactions Botanicheskii Institut AN USSR, ser. III, issue 18",None,,VO,,60.8333333333333,30.25,"Russia, Leningrad oblast', Priozersk district, station “Otradnoe” of Komarov Batanical Institute",Grassland,,NA,NA,NA,50,NA,NA,NA,NA,NA,Emergence,NA,NA,NA,NA,34,43975,NA,NA,NA,,,NA,NA,NA,NA,NA,NA,NA,NA,NA,NA,NA,NA,NA,NA
Dzhalilova A.O.,1970,Propagation and establishment of main components of grass-forb meadow,"Transactions Botanicheskii Institut AN USSR, ser. III, issue 18",None,,VO,,60.8333333333333,30.25,"Russia, Leningrad oblast', Priozersk district, station “Otradnoe” of Komarov Batanical Institute",Grassland,,NA,NA,NA,50,NA,NA,NA,NA,NA,Emergence,NA,NA,NA,NA,30,24550,NA,NA,NA,,,NA,NA,NA,NA,NA,NA,NA,NA,NA,NA,NA,NA,NA,NA
Dzhalilova A.O.,1964,Soil seed bank in grass-forb meadow under different management,Botanicheskii zhurnal,None,,VO,,60.8333333333333,30.25,"Russia, Leningrad oblast', Priozersk district, station “Otradnoe” of Komarov Batanical Institute",Grassland,,1,NA,10000,50,5.00E+05,NA,NA,NA,NA,Emergence,NA,NA,NA,NA,27,23300,NA,NA,NA,,,NA,NA,NA,NA,NA,NA,NA,NA,NA,NA,NA,NA,NA,NA
Dzhalilova A.O.,1964,Soil seed bank in grass-forb meadow under different management,Botanicheskii zhurnal,None,,VO,,60.8333333333333,30.25,"Russia, Leningrad oblast', Priozersk district, station “Otradnoe” of Komarov Batanical Institute",Grassland,,NA,NA,10000,50,5.00E+05,NA,NA,NA,NA,Emergence,NA,NA,NA,NA,23,16300,NA,NA,NA,,,NA,NA,NA,NA,NA,NA,NA,NA,NA,NA,NA,NA,NA,NA
Dzhalilova A.O.,1964,Soil seed bank in grass-forb meadow under different management,Botanicheskii zhurnal,None,,VO,,60.8333333333333,30.25,"Russia, Leningrad oblast', Priozersk district, station “Otradnoe” of Komarov Batanical Institute",Grassland,,1,NA,10000,50,5.00E+05,NA,NA,NA,NA,Emergence,NA,NA,NA,NA,23,1965,NA,NA,NA,,,NA,NA,NA,NA,NA,NA,NA,NA,NA,NA,NA,NA,NA,NA
Dzhalilova A.O.,1964,Soil seed bank in grass-forb meadow under different management,Botanicheskii zhurnal,None,,VO,,60.8333333333333,30.25,"Russia, Leningrad oblast', Priozersk district, station “Otradnoe” of Komarov Batanical Institute",Grassland,,1,NA,10000,50,5.00E+05,NA,NA,NA,NA,Emergence,NA,NA,NA,NA,29,39650,NA,NA,NA,,,NA,NA,NA,NA,NA,NA,NA,NA,NA,NA,NA,NA,NA,NA
Golubeva I.V.,1962,Some data on the reserves of viable seeds in the soils under meadow steppe vegetation,"Byull. Moscow Soc. Naturalists,",None,,VO,,51.5666666666667,36.1,"Russia, Kursk oblast', Central Chernozemic Reserve, Streletskaya Steppe",Grassland,,NA,NA,NA,NA,2080,NA,NA,NA,NA,Extraction,NA,NA,NA,NA,44,15461.5,NA,NA,NA,,,NA,NA,NA,NA,NA,NA,NA,NA,NA,NA,NA,NA,NA,NA
"Guseva A.N., Petrov V.V.",1991,On soil seed bank in primary and secondary broadleaf and mixture forests,Volkorezov V.I. et al. (eds.) Antropogennaya dinamika I optimizatsiya rastitel'nogo pokrova,None,,VO,,56.5666666666667,44.4,"Russia, Nizhegorodskaya oblast', Borsky forestry",Forest,,NA,NA,NA,100,NA,NA,NA,NA,NA,Emergence,NA,NA,NA,NA,12,800,NA,NA,NA,,,NA,NA,NA,NA,NA,NA,NA,NA,NA,NA,NA,NA,NA,NA
"Guseva A.N., Petrov V.V.",1991,On soil seed bank in primary and secondary broadleaf and mixture forests,Volkorezov V.I. et al. (eds.) Antropogennaya dinamika I optimizatsiya rastitel'nogo pokrova,None,,VO,,56.5666666666667,44.4,"Russia, Nizhegorodskaya oblast', Borsky forestry",Forest,,NA,NA,NA,100,NA,NA,NA,NA,NA,Emergence,NA,NA,NA,NA,21,4040,NA,NA,NA,,,NA,NA,NA,NA,NA,NA,NA,NA,NA,NA,NA,NA,NA,NA
"Guseva A.N., Petrov V.V.",1991,On soil seed bank in primary and secondary broadleaf and mixture forests,Volkorezov V.I. et al. (eds.) Antropogennaya dinamika I optimizatsiya rastitel'nogo pokrova,None,,VO,,56.4666666666667,44.0166666666667,"Russia, Nizhegorodskaya oblast', Prioksky forestry",Forest,,NA,NA,NA,100,NA,NA,NA,NA,NA,Emergence,NA,NA,NA,NA,16,400,NA,NA,NA,,,NA,NA,NA,NA,NA,NA,NA,NA,NA,NA,NA,NA,NA,NA
"Guseva A.N., Petrov V.V.",1991,On soil seed bank in primary and secondary broadleaf and mixture forests,Volkorezov V.I. et al. (eds.) Antropogennaya dinamika I optimizatsiya rastitel'nogo pokrova,None,,VO,,56.4666666666667,44.0166666666667,"Russia, Nizhegorodskaya oblast', Prioksky forestry",Forest,,NA,NA,NA,100,NA,NA,NA,NA,NA,Emergence,NA,NA,NA,NA,8,2060,NA,NA,NA,,,NA,NA,NA,NA,NA,NA,NA,NA,NA,NA,NA,NA,NA,NA
Kamenetskaya I.V.,1969,Pinus sylvestris soil seed banks in Pinetum myrtillosum,Sosnovye bory podzony yuzhnoi taigi I puti vedeniya khozyaistva v nikh,None,,VO,,57.9,38.55,"Russia, Yaroslavl' oblast', near Nikolskoye village",Forest,,NA,100,7853.98163397448,100,785398.163397448,NA,NA,NA,25,Emergence & Extraction,NA,NA,NA,NA,NA,57,NA,NA,NA,,,NA,NA,NA,NA,NA,NA,NA,NA,NA,NA,NA,NA,NA,NA
Kamenetskaya I.V.,1969,Pinus sylvestris soil seed banks in Pinetum myrtillosum,Sosnovye bory podzony yuzhnoi taigi I puti vedeniya khozyaistva v nikh,None,,VO,,57.9,38.55,"Russia, Yaroslavl' oblast', near Nikolskoye village",Forest,,NA,100,7853.98163397448,100,785398.163397448,NA,NA,NA,25,Emergence & Extraction,NA,NA,NA,NA,NA,107,NA,NA,NA,,,NA,NA,NA,NA,NA,NA,NA,NA,NA,NA,NA,NA,NA,NA
Kamenetskaya I.V.,1969,Pinus sylvestris soil seed banks in Pinetum myrtillosum,Sosnovye bory podzony yuzhnoi taigi I puti vedeniya khozyaistva v nikh,None,,VO,,57.9,38.55,"Russia, Yaroslavl' oblast', near Nikolskoye village",Forest,,NA,100,7853.98163397448,100,785398.163397448,NA,NA,NA,25,Emergence & Extraction,NA,NA,NA,NA,NA,15,NA,NA,NA,,,NA,NA,NA,NA,NA,NA,NA,NA,NA,NA,NA,NA,NA,NA
Kamenetskaya I.V.,1969,Pinus sylvestris soil seed banks in Pinetum myrtillosum,Sosnovye bory podzony yuzhnoi taigi I puti vedeniya khozyaistva v nikh,None,,VO,,57.7833333333333,38.45,"Russia, Yaroslavl' oblast', near Myshkin",Forest,,NA,100,7853.98163397448,100,785398.163397448,NA,NA,NA,25,Emergence & Extraction,NA,NA,NA,NA,NA,287,NA,NA,NA,,,NA,NA,NA,NA,NA,NA,NA,NA,NA,NA,NA,NA,NA,NA
Kamenetskaya I.V.,1969,Pinus sylvestris soil seed banks in Pinetum myrtillosum,Sosnovye bory podzony yuzhnoi taigi I puti vedeniya khozyaistva v nikh,None,,VO,,57.7833333333333,38.45,"Russia, Yaroslavl' oblast', near Myshkin",Forest,,NA,100,7853.98163397448,100,785398.163397448,NA,NA,NA,25,Emergence & Extraction,NA,NA,NA,NA,NA,1220,NA,NA,NA,,,NA,NA,NA,NA,NA,NA,NA,NA,NA,NA,NA,NA,NA,NA
Karpov V.G.,1969,Experimental phytocoenology of spruce forests [Experimental'naya phytotsenologia temnokhvoinoi taigi],,None,,VO,,58.1833333333333,38.85,"Russia, Yaroslavl' oblast', Rybinsk district, Sheksninskoe forestry",Forest,Forest,NA,NA,2570,100,257000,NA,NA,NA,120,Emergence,NA,NA,NA,NA,15,6315,NA,NA,NA,,,NA,NA,NA,NA,NA,NA,NA,NA,NA,NA,NA,NA,NA,NA
Karpov V.G.,1969,Experimental phytocoenology of spruce forests [Experimental'naya phytotsenologia temnokhvoinoi taigi],,None,,VO,,58.1833333333333,38.85,"Russia, Yaroslavl' oblast', Rybinsk district, Sheksninskoe forestry",Forest,Forest,NA,NA,2570,100,257000,NA,NA,NA,120,Emergence,NA,NA,NA,NA,11,14363,NA,NA,NA,,,NA,NA,NA,NA,NA,NA,NA,NA,NA,NA,NA,NA,NA,NA
Karpov V.G.,1969,Experimental phytocoenology of spruce forests [Experimental'naya phytotsenologia temnokhvoinoi taigi],,None,,VO,,58.1833333333333,38.85,"Russia, Yaroslavl' oblast', Rybinsk district, Sheksninskoe forestry",Forest,,NA,NA,2570,100,257000,NA,NA,NA,120,Emergence,NA,NA,NA,NA,7,3216,NA,NA,NA,,,NA,NA,NA,NA,NA,NA,NA,NA,NA,NA,NA,NA,NA,NA
Karpov V.G.,1969,Experimental phytocoenology of spruce forests [Experimental'naya phytotsenologia temnokhvoinoi taigi],,None,,VO,,58.1833333333333,38.85,"Russia, Yaroslavl' oblast', Rybinsk district, Sheksninskoe forestry",Forest,Forest,NA,NA,2570,100,257000,NA,NA,NA,120,Emergence,NA,NA,NA,NA,19,3929,NA,NA,NA,,,NA,NA,NA,NA,NA,NA,NA,NA,NA,NA,NA,NA,NA,NA
Karpov V.G.,1969,Experimental phytocoenology of spruce forests [Experimental'naya phytotsenologia temnokhvoinoi taigi],,None,,VO,,58.1833333333333,38.85,"Russia, Yaroslavl' oblast', Rybinsk district, Sheksninskoe forestry",Forest,Forest,NA,NA,2570,100,257000,NA,NA,NA,120,Emergence,NA,NA,NA,NA,18,575,NA,NA,NA,,,NA,NA,NA,NA,NA,NA,NA,NA,NA,NA,NA,NA,NA,NA
Karpov V.G.,1969,Experimental phytocoenology of spruce forests [Experimental'naya phytotsenologia temnokhvoinoi taigi],,None,,VO,,58.1833333333333,38.85,"Russia, Yaroslavl' oblast', Rybinsk district, Sheksninskoe forestry",Forest,,NA,NA,2570,100,257000,NA,NA,NA,120,Emergence,NA,NA,NA,NA,14,661,NA,NA,NA,,,NA,NA,NA,NA,NA,NA,NA,NA,NA,NA,NA,NA,NA,NA
Karpov V.G.,1960,On the quantity and species composition the viable seeds in the soil of a spruce forest of the Piceetum myrtillosum type,Transactions of the Moscow Society of Naturalists,None,,VO,,58.1833333333333,38.85,"Russia, Yaroslavl' oblast', Rybinsk district, Sheksninskoe forestry",Forest,,NA,NA,NA,NA,9252,NA,NA,NA,NA,Emergence,NA,NA,NA,NA,5,2296.333,NA,NA,NA,,,NA,NA,NA,NA,NA,NA,NA,NA,NA,NA,NA,NA,NA,NA
Khodachek E.A.,1985,Seed reserves in the soils of Taimyr and polar deserts of Severnaya Zemlya,Botanicheskii zhurnal,None,,VO,,71.9,102.116666666667,"Russia, Taimyr peninsula, 200 km N from Norilsk, Kresty village",Grassland,,NA,NA,10000,100,1.00E+06,NA,NA,NA,NA,Emergence & Extraction,NA,NA,NA,NA,18,2291,NA,NA,NA,,,NA,NA,NA,NA,NA,NA,NA,NA,NA,NA,NA,NA,NA,NA
Khodachek E.A.,1985,Seed reserves in the soils of Taimyr and polar deserts of Severnaya Zemlya,Botanicheskii zhurnal,None,,VO,,71.9,102.116666666667,"Russia, Taimyr peninsula, 200 km N from Norilsk, Kresty village",Grassland,,NA,NA,10000,100,1.00E+06,NA,NA,NA,NA,Emergence & Extraction,NA,NA,NA,NA,15,1593,NA,NA,NA,,,NA,NA,NA,NA,NA,NA,NA,NA,NA,NA,NA,NA,NA,NA
Khodachek E.A.,1985,Seed reserves in the soils of Taimyr and polar deserts of Severnaya Zemlya,Botanicheskii zhurnal,None,,VO,,71.9,102.116666666667,"Russia, Taimyr peninsula, 200 km N from Norilsk, Kresty village",Grassland,,NA,NA,10000,100,1.00E+06,NA,NA,NA,NA,Emergence & Extraction,NA,NA,NA,NA,14,4415,NA,NA,NA,,,NA,NA,NA,NA,NA,NA,NA,NA,NA,NA,NA,NA,NA,NA
Khodachek E.A.,1985,Seed reserves in the soils of Taimyr and polar deserts of Severnaya Zemlya,Botanicheskii zhurnal,None,,VO,,73.25,90.5833333333333,"Russia, Krasnoyarsk krai, Taimyr peninsula, 400 km N from Norilsk, Tarea village",Grassland,,NA,NA,10000,200,2.00E+06,NA,NA,NA,NA,Emergence & Extraction,NA,NA,NA,NA,13,3814,NA,NA,NA,,,NA,NA,NA,NA,NA,NA,NA,NA,NA,NA,NA,NA,NA,NA
Khodachek E.A.,1985,Seed reserves in the soils of Taimyr and polar deserts of Severnaya Zemlya,Botanicheskii zhurnal,None,,VO,,79.4833333333333,96.8333333333333,"Russia, Severnaya Zemlya archipelago, Oktyabrskoy revolutsii island, Vatutina foreland",Grassland,,NA,NA,10000,200,2.00E+06,NA,NA,NA,NA,Emergence & Extraction,NA,NA,NA,NA,16,3153,NA,NA,NA,,,NA,NA,NA,NA,NA,NA,NA,NA,NA,NA,NA,NA,NA,NA
"Nikitin S.A., Grebennikova E.F.",1961,Stationary investigation of composite pine forest,"Trudy Laboratorii Lesovedeniya AN SSSR, V.N.Sukachev (ed.)",None,,VO,,55.7333333333333,37.3833333333333,"Russia, Moscow, Serebryanoborskoe forestry",Forest,,NA,NA,NA,NA,NA,NA,NA,NA,NA,Extraction,NA,NA,NA,NA,36,796,NA,NA,NA,,,NA,NA,NA,NA,NA,NA,NA,NA,NA,NA,NA,NA,NA,NA
Nosova L.I.,1968,Soil seed bank of Artemisia- communities in East Pamir,Isvestiya otd. biol. nauk AN Tadzhikskoi SSR,None,,VO,,38.1666666666667,73.95,"Tadjikistan, Pamir Biological Station at river Chechekty",Grassland,,NA,NA,NA,100,NA,NA,NA,NA,15,Extraction,NA,NA,NA,NA,3,93.8,NA,NA,NA,,,NA,NA,NA,NA,NA,NA,NA,NA,NA,NA,NA,NA,NA,NA
Nosova L.I.,1968,Soil seed bank of Artemisia- communities in East Pamir,Isvestiya otd. biol. nauk AN Tadzhikskoi SSR,None,,VO,,38.1666666666667,73.95,"Tadjikistan, Pamir Biological Station at river Chechekty",Grassland,,NA,NA,40000,100,4.00E+06,NA,NA,NA,15,Emergence,NA,NA,NA,NA,3,107.5,NA,NA,NA,,,NA,NA,NA,NA,NA,NA,NA,NA,NA,NA,NA,NA,NA,NA
Nosova L.I.,1968,Soil seed bank of Artemisia- communities in East Pamir,Isvestiya otd. biol. nauk AN Tadzhikskoi SSR,None,,VO,,38.1666666666667,73.95,"Tadjikistan, Pamir Biological Station at river Chechekty",Grassland,,NA,NA,40000,100,4.00E+06,NA,NA,NA,15,Extraction,NA,NA,NA,NA,4,75.8,NA,NA,NA,,,NA,NA,NA,NA,NA,NA,NA,NA,NA,NA,NA,NA,NA,NA
Nosova L.I.,1968,Soil seed bank of Artemisia- communities in East Pamir,Isvestiya otd. biol. nauk AN Tadzhikskoi SSR,None,,VO,,38.1666666666667,73.95,"Tadjikistan, Pamir Biological Station at river Chechekty",Grassland,,NA,NA,40000,100,4.00E+06,NA,NA,NA,15,Emergence,NA,NA,NA,NA,3,592.5,NA,NA,NA,,,NA,NA,NA,NA,NA,NA,NA,NA,NA,NA,NA,NA,NA,NA
Nosova L.I.,1968,Soil seed bank of Artemisia- communities in East Pamir,Isvestiya otd. biol. nauk AN Tadzhikskoi SSR,None,,VO,,38.1666666666667,73.95,"Tadjikistan, Pamir Biological Station at river Chechekty",Grassland,,NA,NA,40000,100,4.00E+06,NA,NA,NA,15,Extraction,NA,NA,NA,NA,7,30,NA,NA,NA,,,NA,NA,NA,NA,NA,NA,NA,NA,NA,NA,NA,NA,NA,NA
Nosova L.I.,1968,Soil seed bank of Artemisia- communities in East Pamir,Isvestiya otd. biol. nauk AN Tadzhikskoi SSR,None,,VO,,38.1666666666667,73.95,"Tadjikistan, Pamir Biological Station at river Chechekty",Grassland,,NA,NA,40000,100,4.00E+06,NA,NA,NA,15,Emergence,NA,NA,NA,NA,4,110,NA,NA,NA,,,NA,NA,NA,NA,NA,NA,NA,NA,NA,NA,NA,NA,NA,NA
Ovesnov A.M.,1963,Viable seeds in soils under Perm' waterstore water,Materialy po biologii I gidrologii volzhskih vodokhranilishch (Kuzin B.S. - ed.),None,,VO,,57.7,56.7666666666667,"Russia, Perm' oblast', Kungursk district, near Nasadka village",Aquatic,Aquatic,NA,NA,10000,100,1.00E+06,NA,NA,NA,20,Emergence,NA,NA,NA,NA,34,2900,NA,NA,NA,"The site was arable field, but was waterlogged by 5 years.",,NA,NA,NA,NA,NA,NA,NA,NA,NA,NA,NA,NA,NA,NA
Petrov V.V.,1989,"Soil seed bank in East-European woodlands.- Moscow: Moscow University Press, 1989.- 176 p.",,None,,VO,,60.5,34.1166666666667,"Russia, Leningrad oblast', nature park “Veppskyi les”",Forest,,NA,NA,2500,100,250000,NA,NA,NA,20,Emergence,NA,NA,NA,NA,5,1020,NA,NA,NA,,,NA,NA,NA,NA,NA,NA,NA,NA,NA,NA,NA,NA,NA,NA
Petrov V.V.,1989,"Soil seed bank in East-European woodlands.- Moscow: Moscow University Press, 1989.- 176 p.",,None,,VO,,51.0166666666667,59.4333333333333,"Russia, Sverdlovsk oblast', 75 km W from Ekaterinburg, Kuzinskoe forestry",Forest,,NA,NA,2500,100,250000,NA,NA,NA,20,Emergence,NA,NA,NA,NA,12,1280,NA,NA,NA,,,NA,NA,NA,NA,NA,NA,NA,NA,NA,NA,NA,NA,NA,NA
Petrov V.V.,1989,"Soil seed bank in East-European woodlands.- Moscow: Moscow University Press, 1989.- 176 p.",,None,,VO,,52.5333333333333,23.8666666666667,"Belarus', Brest oblast', Pashukovskoye forestry of Belovezhskaya pushcha",Forest,,NA,NA,2500,100,250000,NA,NA,NA,20,Emergence,NA,NA,NA,NA,13,1020,NA,NA,NA,,,NA,NA,NA,NA,NA,NA,NA,NA,NA,NA,NA,NA,NA,NA
Petrov V.V.,1989,"Soil seed bank in East-European woodlands.- Moscow: Moscow University Press, 1989.- 176 p.",,None,,VO,,49.6333333333333,36.3,"Ukraine, Khar'kov oblast', near Gaidary village, Gaidary biological station",Forest,,NA,NA,2500,100,250000,NA,NA,NA,5,Emergence,NA,NA,NA,NA,21,8640,NA,NA,NA,,,NA,NA,NA,NA,NA,NA,NA,NA,NA,NA,NA,NA,NA,NA
Petrov V.V.,1989,"Soil seed bank in East-European woodlands.- Moscow: Moscow University Press, 1989.- 176 p.",,None,,VO,,50.6166666666667,35.9666666666667,"Russia, Belgorod oblast', near Borisovka village, “Les na Vorskle”  reserve",Forest,,NA,NA,2500,170,425000,NA,NA,NA,20,Emergence,NA,NA,NA,NA,25,4400,NA,NA,NA,,,NA,NA,NA,NA,NA,NA,NA,NA,NA,NA,NA,NA,NA,NA
"Petrov V.V., Belyaeva Y.E.",1981,Store of plant seeds in soil under forest canopy,Lesovedenie,None,,VO,,55.45,37.2166666666667,"Russia, Moscow oblast', Podolsk district, Biological station “Malinki”",Forest,,NA,NA,3600,40,144000,NA,NA,NA,20,Emergence,NA,NA,NA,NA,14,1496,NA,NA,NA,,,NA,NA,NA,NA,NA,NA,NA,NA,NA,NA,NA,NA,NA,NA
"Petrov V.V., Belyaeva Y.E.",1981,Store of plant seeds in soil under forest canopy,Lesovedenie,None,,VO,,55.45,37.2166666666667,"Russia, Moscow oblast', Podolsk district, Biological station “Malinki”",Forest,,NA,NA,3600,40,144000,NA,NA,NA,20,Emergence,NA,NA,NA,NA,18,1212,NA,NA,NA,,,NA,NA,NA,NA,NA,NA,NA,NA,NA,NA,NA,NA,NA,NA
Pyatin A.M.,1970,On the content of viable seeds in the soils of meadow and woodland pastures,Byull. Moscow Soc. Naturalists,None,,VO,,55.45,36.8,"Russia, Moscow oblast', upstream of river Pakhra",Grassland,,NA,NA,NA,NA,21400,NA,NA,NA,NA,Extraction,NA,NA,NA,NA,7,4023,NA,NA,NA,,,NA,NA,NA,NA,NA,NA,NA,NA,NA,NA,NA,NA,NA,NA
Rabotnov T.A.,1983,ome data on the content of germinable seeds in grassland soils,Akademiku V.N.Sukachevu k 75-letiyu so dnya rozhdeniya. Lavrenko E.M. et al. (eds.),None,,VO,,55.05,39.1166666666667,"Russia, Moscow oblast', Lukhovitsy district, near Dedinovo village",Grassland,,NA,NA,NA,NA,110000,NA,NA,NA,NA,Emergence,NA,NA,NA,NA,47,3108.82,NA,NA,NA,,,NA,NA,NA,NA,NA,NA,NA,NA,NA,NA,NA,NA,NA,NA
"Rysin L.P., Rysina G.P.",1965,Soil seed bank of herbaceous species in the forest and factors influencing seed germination,Sukachev V.N. (ed.) Lesa Podmoskov'ya,None,,VO,,55.7333333333333,37.3833333333333,"Russia, Moscow, Serebryanoborskoe forestry",Forest,,NA,NA,NA,NA,33750,NA,NA,NA,NA,Extraction,NA,NA,NA,NA,12,623.5,NA,NA,NA,,,NA,NA,NA,NA,NA,NA,NA,NA,NA,NA,NA,NA,NA,NA
Sarycheva Z.A.,1967,Quantitative and species composition of seeds in Mikhailovskaya virgin steppe soil and their germination,Ukrainskii Botanichnii zhurnal,None,,VO,,50.8166666666667,34.1333333333333,"Ukraine, Sumskaya oblast', Mikhailivska tsilyna reserve",Grassland,,NA,NA,NA,NA,6000,NA,NA,NA,NA,Emergence & Extraction,NA,NA,NA,NA,32,536,NA,NA,NA,,,NA,NA,NA,NA,NA,NA,NA,NA,NA,NA,NA,NA,NA,NA
Zelenchuk T.K.,1968,Species composition and quantity of viable seeds in the soil and its surface in the meadow vegetation,Botanicheskii zhurnal,None,,VO,,49.6333333333333,23.7,"Ukraine, Lvov oblast', Gorodoksky district (currently Lvov district), near Komarno town",Grassland,,NA,NA,NA,NA,6000,NA,NA,NA,NA,Emergence,NA,NA,NA,NA,15,1389.25,NA,NA,NA,,,NA,NA,NA,NA,NA,NA,NA,NA,NA,NA,NA,NA,NA,NA
"Albitskaya, M.A.",1968,Comparative data of soil seed contents in natural grasslands and artificial woodlands of steppe zone,Problemy botaniki,None,,VO,,48.51,34.82,"Ukraine, Dnepropetrovsk oblast', Kirovskoe forestry",Forest,Grassland,NA,105,8659.01475145687,250,2164753.68786422,NA,NA,NA,NA,Extraction,NA,NA,NA,NA,7,1805,NA,NA,NA,,,NA,NA,NA,NA,NA,NA,NA,NA,NA,NA,NA,NA,NA,NA
"Albitskaya, M.A.",1968,Comparative data of soil seed contents in natural grasslands and artificial woodlands of steppe zone,Problemy botaniki,None,,VO,,48.51,34.82,"Ukraine, Dnepropetrovsk oblast', Kirovskoe forestry",Grassland,,NA,105,8659.01475145687,250,2164753.68786422,NA,NA,NA,NA,Extraction,NA,NA,NA,NA,13,5027,NA,NA,NA,,,NA,NA,NA,NA,NA,NA,NA,NA,NA,NA,NA,NA,NA,NA
Albitskaya M.A.,1970,Seeds in Gerbovets woodland soil,Sbornik rabot po lesnomu khozyaistvu Moldovii. V. 4.,None,,VO,,46.83,29.32,Moldova,Forest,,NA,NA,NA,NA,2600,NA,NA,NA,NA,Extraction,NA,NA,NA,NA,9,587,NA,NA,NA,,,NA,NA,NA,NA,NA,NA,NA,NA,NA,NA,NA,NA,NA,NA
"Albitskaya M.A., Maimur L.S.",1969,"Seeds in soils, Dnepr flood plain woodland","Izvestiya vysshikh uchebnykh zavedenii, Lesnoi zhurnal",None,,VO,,48.5,34.78,"Ukraine, Dnepropetrovsk oblast', 25 km near Dnepropetrovsk, Obukhovskoe lesnichestvo",Forest,,NA,NA,NA,NA,3900,NA,NA,NA,NA,Extraction,NA,NA,NA,NA,19,17764.3,NA,NA,NA,,,NA,NA,NA,NA,NA,NA,NA,NA,NA,NA,NA,NA,NA,NA
"Amelin I.S., Zelenchuk T.K.",1956,"Materials on seed propagation in grasslands, L'vov region","L'vovskii zooveterinarnyi institut. Sbornik nauchnykh trudov, t. 8",None,,VO,,50.05,23.6,"Ukraine, L'vov oblast'",Grassland,,NA,NA,NA,NA,3200,NA,NA,NA,NA,Extraction,NA,NA,NA,NA,20,3216.5,NA,NA,NA,,,NA,NA,NA,NA,NA,NA,NA,NA,NA,NA,NA,NA,NA,NA
"Komendar V.I., Dubanich N.V., Berets V.P.",1978,On storage of seeds in soil under some meadow cenoses of low -lying and mountain-meadow zones of the Transcarpatians,Ukrainskii Botanichnii zhurnal,None,,VO,,48.4,23.2,Ukraine,Grassland,,NA,NA,NA,NA,7360,NA,NA,NA,NA,Extraction,NA,NA,NA,NA,65,4735.5,NA,NA,NA,,,NA,NA,NA,NA,NA,NA,NA,NA,NA,NA,NA,NA,NA,NA
"Komendar V.I., Dubanich N.V., Boiko F.M.",1973,On a number of viable seeds in soil of some meadow associations of the lowland and foothill part of Transcarpathia,Ukrainskii Botanichnii zhurnal,None,,VO,,48.4,23.2,Ukraine,Grassland,,NA,NA,NA,NA,35640,NA,NA,NA,NA,Extraction,NA,NA,NA,NA,44,905.5,NA,NA,NA,,,NA,NA,NA,NA,NA,NA,NA,NA,NA,NA,NA,NA,NA,NA
"Lavrenko E.M., Borisova I.V. (eds.)",NA,Biocomplex investigation in Kazakhstan. Part 3.,,None,,VO,,48.51,70.98,"Kazakhstan, Karaganda oblast', near Taldymanaka river",Grassland,,NA,NA,NA,100,NA,NA,NA,NA,NA,Extraction,NA,NA,NA,NA,3,379,NA,NA,NA,,,NA,NA,NA,NA,NA,NA,NA,NA,NA,NA,NA,NA,NA,NA
"Lavrenko E.M., Borisova I.V. (eds.)",NA,Biocomplex investigation in Kazakhstan. Part 3.,,None,,VO,,49.79,68.22,"Kazakhstan, Koksengir mountains",Grassland,,NA,NA,NA,100,NA,NA,NA,NA,NA,Extraction,NA,NA,NA,NA,9,2463,NA,NA,NA,,,NA,NA,NA,NA,NA,NA,NA,NA,NA,NA,NA,NA,NA,NA
"Lavrenko E.M., Borisova I.V. (eds.)",NA,Biocomplex investigation in Kazakhstan. Part 3.,,None,,VO,,49.79,68.22,"Kazakhstan, Koksengir mountains",Grassland,,NA,NA,NA,100,NA,NA,NA,NA,NA,Extraction,NA,NA,NA,NA,5,629,NA,NA,NA,,,NA,NA,NA,NA,NA,NA,NA,NA,NA,NA,NA,NA,NA,NA
Onipchenko V.G.,1987,Lichens and vascular plants,Biogeotsenosy alpiiskih pustoshei [Alpine lichen heath ecosystems],None,,VO,,43.45,41.69,"Russia, Karachaevo-Cherkessian Republic, Teberda reserve",Grassland,,NA,NA,NA,NA,1650,NA,NA,NA,NA,Emergence,NA,NA,NA,NA,20,238,NA,NA,NA,,,NA,NA,NA,NA,NA,NA,NA,NA,NA,NA,NA,NA,NA,NA
Petrov V.V.,1989,"Soil seed bank in East-European woodlands.- Moscow: Moscow University Press, 1989.- 176 p.",,None,,VO,,57.36,57.19,"Russia, Perm' oblast', Kishert' district, “Predural'e” station of Perm' state university",Forest,,NA,NA,2500,100,250000,NA,NA,NA,20,Emergence,NA,NA,NA,NA,17,1860,NA,NA,NA,,,NA,NA,NA,NA,NA,NA,NA,NA,NA,NA,NA,NA,NA,NA
Petrov V.V.,1989,"Soil seed bank in East-European woodlands.- Moscow: Moscow University Press, 1989.- 176 p.",,None,,VO,,55.91,48.72,"Russia, Tatarstan, Volzhsko-Kamsky state nature reserve, Raifskoe forestry",Forest,,NA,NA,1.00E+05,100,1.00E+07,NA,NA,NA,1,Emergence,NA,NA,NA,NA,14,3140,NA,NA,NA,,,NA,NA,NA,NA,NA,NA,NA,NA,NA,NA,NA,NA,NA,NA
Petrov V.V.,1989,"Soil seed bank in East-European woodlands.- Moscow: Moscow University Press, 1989.- 176 p.",,None,,VO,,55.91,48.72,"Russia, Tatarstan, Volzhsko-Kamsky state nature reserve, Raifskoe forestry",Forest,,NA,NA,1.00E+05,100,1.00E+07,NA,NA,NA,1,Emergence,NA,NA,NA,NA,6,450,NA,NA,NA,,,NA,NA,NA,NA,NA,NA,NA,NA,NA,NA,NA,NA,NA,NA
Petrov V.V.,1989,"Soil seed bank in East-European woodlands.- Moscow: Moscow University Press, 1989.- 176 p.",,None,,VO,,55.91,48.72,"Russia, Tatarstan, Volzhsko-Kamsky state nature reserve, Raifskoe forestry",Forest,,NA,NA,1.00E+05,100,1.00E+07,NA,NA,NA,1,Emergence,NA,NA,NA,NA,8,590,NA,NA,NA,,,NA,NA,NA,NA,NA,NA,NA,NA,NA,NA,NA,NA,NA,NA
Petrov V.V.,1989,"Soil seed bank in East-European woodlands.- Moscow: Moscow University Press, 1989.- 176 p.",,None,,VO,,55.91,48.72,"Russia, Tatarstan, Volzhsko-Kamsky state nature reserve, Raifskoe forestry",Forest,,NA,NA,1.00E+05,100,1.00E+07,NA,NA,NA,1,Emergence,NA,NA,NA,NA,16,1340,NA,NA,NA,,,NA,NA,NA,NA,NA,NA,NA,NA,NA,NA,NA,NA,NA,NA
Petrov V.V.,1989,"Soil seed bank in East-European woodlands.- Moscow: Moscow University Press, 1989.- 176 p.",,None,,VO,,56.25,44.008,"Russia, Nizhny Novgorod, Botanical garden",Forest,,NA,NA,2500,100,250000,NA,NA,NA,20,Emergence,NA,NA,NA,NA,19,1100,NA,NA,NA,,,NA,NA,NA,NA,NA,NA,NA,NA,NA,NA,NA,NA,NA,NA
Petrov V.V.,1989,"Soil seed bank in East-European woodlands.- Moscow: Moscow University Press, 1989.- 176 p.",,None,,VO,,55.69,36.73,"Russia, Moscow oblast', Odintsovo district, Zvenigorod biological station MSU",Forest,,NA,NA,3600,80,288000,NA,NA,NA,20,Emergence,NA,NA,NA,NA,18,2450,NA,NA,NA,,,NA,NA,NA,NA,NA,NA,NA,NA,NA,NA,NA,NA,NA,NA
Petrov V.V.,1989,"Soil seed bank in East-European woodlands.- Moscow: Moscow University Press, 1989.- 176 p.",,None,,VO,,55.69,36.73,"Russia, Moscow oblast', Odintsovo district, Zvenigorod biological station MSU",Forest,,NA,NA,3600,80,288000,NA,NA,NA,20,Emergence,NA,NA,NA,NA,18,3192,NA,NA,NA,,,NA,NA,NA,NA,NA,NA,NA,NA,NA,NA,NA,NA,NA,NA
Petrov V.V.,1989,"Soil seed bank in East-European woodlands.- Moscow: Moscow University Press, 1989.- 176 p.",,None,,VO,,55.69,36.73,"Russia, Moscow oblast', Odintsovo district, Zvenigorod biological station MSU",Forest,,NA,NA,3600,60,216000,NA,NA,NA,20,Emergence,NA,NA,NA,NA,18,1582,NA,NA,NA,,,NA,NA,NA,NA,NA,NA,NA,NA,NA,NA,NA,NA,NA,NA
Petrov V.V.,1989,"Soil seed bank in East-European woodlands.- Moscow: Moscow University Press, 1989.- 176 p.",,None,,VO,,55.69,36.73,"Russia, Moscow oblast', Odintsovo district, Zvenigorod biological station MSU",Forest,,NA,NA,3600,60,216000,NA,NA,NA,20,Emergence,NA,NA,NA,NA,25,2394,NA,NA,NA,,,NA,NA,NA,NA,NA,NA,NA,NA,NA,NA,NA,NA,NA,NA
Petrov V.V.,1989,"Soil seed bank in East-European woodlands.- Moscow: Moscow University Press, 1989.- 176 p.",,None,,VO,,55.69,36.73,"Russia, Moscow oblast', Odintsovo district, Zvenigorod biological station MSU",Forest,,NA,NA,NA,100,NA,NA,NA,NA,20,Emergence,NA,NA,NA,NA,29,6220,NA,NA,NA,,,NA,NA,NA,NA,NA,NA,NA,NA,NA,NA,NA,NA,NA,NA
Petrov V.V.,1989,"Soil seed bank in East-European woodlands.- Moscow: Moscow University Press, 1989.- 176 p.",,None,,VO,,55.69,36.73,"Russia, Moscow oblast', Odintsovo district, Zvenigorod biological station MSU",Forest,,NA,NA,NA,100,NA,NA,NA,NA,20,Emergence,NA,NA,NA,NA,23,8040,NA,NA,NA,,,NA,NA,NA,NA,NA,NA,NA,NA,NA,NA,NA,NA,NA,NA
Petrov V.V.,1989,"Soil seed bank in East-European woodlands.- Moscow: Moscow University Press, 1989.- 176 p.",,None,,VO,,55.69,36.73,"Russia, Moscow oblast', Odintsovo district, Zvenigorod biological station MSU",Forest,,NA,NA,2500,100,250000,NA,NA,NA,20,Emergence,NA,NA,NA,NA,23,4720,NA,NA,NA,,,NA,NA,NA,NA,NA,NA,NA,NA,NA,NA,NA,NA,NA,NA
Petrov V.V.,1989,"Soil seed bank in East-European woodlands.- Moscow: Moscow University Press, 1989.- 176 p.",,None,,VO,,54.4,39.31,"Russia, Ryazan' oblast', 25 km SW from Ryazan'",Forest,,NA,NA,10000,100,1.00E+06,NA,NA,NA,10,Emergence,NA,NA,NA,NA,38,6130,NA,NA,NA,,,NA,NA,NA,NA,NA,NA,NA,NA,NA,NA,NA,NA,NA,NA
"Petrov V.V., Volkova O.D.",1983,Viable seed store in two coniferous forests of different origin,Biologicheskie nauki,None,,VO,,55.69,36.73,"Russia, Moscow oblast', Odintsovo district, Zvenigorod biological station MSU",Forest,,NA,NA,3600,60,216000,NA,NA,NA,20,Emergence,NA,NA,NA,NA,22,707,NA,NA,NA,,,NA,NA,NA,NA,NA,NA,NA,NA,NA,NA,NA,NA,NA,NA
Semenova G.V.,2004,Soil  seed  banks,"Alpine ecosystems in the Northwestern Caucasus, Onipchenko V.G. (ed.)",None,,VO,,43.45,41.69,"Russia, Karachaevo-Cherkessian Republic, Teberda reserve",Grassland,,NA,NA,275000,100,27500000,NA,NA,NA,1,Emergence,NA,NA,NA,NA,23,349,NA,NA,NA,,,NA,NA,NA,NA,NA,NA,NA,NA,NA,NA,NA,NA,NA,NA
Semenova G.V.,2004,Soil  seed  banks,"Onipchenko V.G.,   Blinnikov  M.S.  (eds.).  Experimental investigation of alpine plant communities in the Northwestern Caucasus. Veroffentlichungen  des  Geobotanischen  Institutes der ETH",None,,VO,,43.45,41.69,"Russia, Karachaevo-Cherkessian Republic, Teberda reserve",Grassland,,NA,NA,2.00E+05,100,2.00E+07,NA,NA,NA,1,Emergence,NA,NA,NA,NA,24,1190,NA,NA,NA,,,NA,NA,NA,NA,NA,NA,NA,NA,NA,NA,NA,NA,NA,NA
Semenova G.V.,2004,Soil  seed  banks,"Onipchenko V.G.,   Blinnikov  M.S.  (eds.).  Experimental investigation of alpine plant communities in the Northwestern Caucasus. Veroffentlichungen  des  Geobotanischen  Institutes der ETH",None,,VO,,43.45,41.69,"Russia, Karachaevo-Cherkessian Republic, Teberda reserve",Grassland,,NA,NA,2.00E+05,100,2.00E+07,NA,NA,NA,1,Emergence,NA,NA,NA,NA,20,3850,NA,NA,NA,,,NA,NA,NA,NA,NA,NA,NA,NA,NA,NA,NA,NA,NA,NA
Semenova G.V.,2004,Soil  seed  banks,"Onipchenko V.G.,   Blinnikov  M.S.  (eds.).  Experimental investigation of alpine plant communities in the Northwestern Caucasus. Veroffentlichungen  des  Geobotanischen  Institutes der ETH",None,,VO,,43.45,41.69,"Russia, Karachaevo-Cherkessian Republic, Teberda reserve",Grassland,,NA,NA,2.00E+05,100,2.00E+07,NA,NA,NA,1,Emergence,NA,NA,NA,NA,21,2810,NA,NA,NA,,,NA,NA,NA,NA,NA,NA,NA,NA,NA,NA,NA,NA,NA,NA
Semenova G.V.,2004,Soil  seed  banks,"Onipchenko V.G.,   Blinnikov  M.S.  (eds.).  Experimental investigation of alpine plant communities in the Northwestern Caucasus. Veroffentlichungen  des  Geobotanischen  Institutes der ETH",None,,VO,,43.45,41.69,"Russia, Karachaevo-Cherkessian Republic, Teberda reserve",Grassland,,NA,NA,2.00E+05,100,2.00E+07,NA,NA,NA,1,Emergence,NA,NA,NA,NA,31,1615,NA,NA,NA,,,NA,NA,NA,NA,NA,NA,NA,NA,NA,NA,NA,NA,NA,NA
Semenova G.V.,2004,Soil  seed  banks,"Onipchenko V.G.,   Blinnikov  M.S.  (eds.).  Experimental investigation of alpine plant communities in the Northwestern Caucasus. Veroffentlichungen  des  Geobotanischen  Institutes der ETH",None,,VO,,43.45,41.69,"Russia, Karachaevo-Cherkessian Republic, Teberda reserve",Wetland,,NA,NA,2.00E+05,100,2.00E+07,NA,NA,NA,1,Emergence,NA,NA,NA,NA,27,10970,NA,NA,NA,,,NA,NA,NA,NA,NA,NA,NA,NA,NA,NA,NA,NA,NA,NA
Semenova G.V.,2004,Soil  seed  banks,"Onipchenko V.G.,   Blinnikov  M.S.  (eds.).  Experimental investigation of alpine plant communities in the Northwestern Caucasus. Veroffentlichungen  des  Geobotanischen  Institutes der ETH",None,,VO,,43.45,41.69,"Russia, Karachaevo-Cherkessian Republic, Teberda reserve",Grassland,,NA,NA,1.00E+05,100,1.00E+07,NA,NA,NA,1,Emergence,NA,NA,NA,NA,21,8080,NA,NA,NA,,,NA,NA,NA,NA,NA,NA,NA,NA,NA,NA,NA,NA,NA,NA
Semenova G.V.,2004,Soil  seed  banks,"Onipchenko V.G.,   Blinnikov  M.S.  (eds.).  Experimental investigation of alpine plant communities in the Northwestern Caucasus. Veroffentlichungen  des  Geobotanischen  Institutes der ETH",None,,VO,,43.45,41.69,"Russia, Karachaevo-Cherkessian Republic, Teberda reserve",Grassland,,NA,NA,1.00E+05,100,1.00E+07,NA,NA,NA,1,Emergence,NA,NA,NA,NA,24,2760,NA,NA,NA,,,NA,NA,NA,NA,NA,NA,NA,NA,NA,NA,NA,NA,NA,NA
"Semenova G.V., Onipchenko V.G.",1990,"Soil seed banks in the alpine communities in the Teberda Reserve, the Northwestern Caucasus",Byull. Moscow Soc. Naturalists,None,,VO,,43.45,41.69,"Russia, Karachaevo-Cherkessian Republic, Teberda reserve",Grassland,,NA,NA,NA,NA,4800,NA,NA,NA,NA,Emergence,NA,NA,NA,NA,32,2545,NA,NA,NA,,,NA,NA,NA,NA,NA,NA,NA,NA,NA,NA,NA,NA,NA,NA
